<?xml version="1.0" encoding="UTF-8"?>
<jcr:root 
    xmlns:cq="http://www.day.com/jcr/cq/1.0" 
    xmlns:jcr="http://www.jcp.org/jcr/1.0" 
    xmlns:nt="http://www.jcp.org/jcr/nt/1.0"
    jcr:primaryType="cq:Dialog"
    stateful="false"
    height="600"
    width="700"
    xtype="dialog">
    <items
        jcr:primaryType="cq:Widget"
        xtype="tabpanel">
        <items 
            jcr:primaryType="cq:WidgetCollection">
            <advanced
                jcr:primaryType="cq:Panel"
                title="BazaarVoice Configuration">
                <items 
                    jcr:primaryType="cq:WidgetCollection">
                    <advanced
                        jcr:primaryType="cq:Widget"
                        collapsed="{Boolean}false"
                        collapsible="{Boolean}false"
                        xtype="dialogfieldset">
                        <items jcr:primaryType="cq:WidgetCollection">
                            <bvclient
                                    jcr:primaryType="cq:Widget"
                                    fieldLabel="BazaarVoice client"
                                    name="./BazaarVoice_Client"
                                    xtype="textfield"/>
                            <bvsite
                                    jcr:primaryType="cq:Widget"
                                    fieldLabel="BazaarVoice Site"
                                    name="./BazaarVoice_Site"
                                    xtype="textfield"/>
                            <isProduction
                                jcr:primaryType="cq:Widget"
                                fieldLabel="is Production Review"
                                inputValue="false"
                                name="./isProduction"
                                type="checkbox"
                                xtype="selection"/>  
                         </items>
                    </advanced>
                </items>
            </advanced>
        </items>
    </items>
</jcr:root>