<?xml version="1.0" encoding="UTF-8"?>
<jcr:root xmlns:sling="http://sling.apache.org/jcr/sling/1.0" xmlns:cq="http://www.day.com/jcr/cq/1.0" xmlns:jcr="http://www.jcp.org/jcr/1.0" xmlns:nt="http://www.jcp.org/jcr/nt/1.0"
          jcr:primaryType="nt:unstructured"
          sling:resourceType="cq/gui/components/authoring/dialog">
    <content
            jcr:primaryType="nt:unstructured"
            sling:resourceType="granite/ui/components/foundation/container">
        <layout
                jcr:primaryType="nt:unstructured"
                sling:resourceType="granite/ui/components/foundation/layouts/tabs"
                type="nav"/>
        <items jcr:primaryType="nt:unstructured">
            <carouselteaser
                    jcr:primaryType="nt:unstructured"
                    jcr:title="Teaser (Square)"
                    sling:resourceType="granite/ui/components/foundation/container">
                <layout
                        jcr:primaryType="nt:unstructured"
                        sling:resourceType="granite/ui/components/foundation/layouts/fixedcolumns"/>
                <items jcr:primaryType="nt:unstructured">
                    <columns
                            jcr:primaryType="nt:unstructured"
                            sling:resourceType="granite/ui/components/foundation/container">
                        <items jcr:primaryType="nt:unstructured">
                            <teaserimgattributes
                                    jcr:primaryType="nt:unstructured"
                                    jcr:title="teasercarousel_imgattributes"
                                    sling:resourceType="granite/ui/components/foundation/form/fieldset"
                                    title="teasercarousel_imgattributes">
                                <items jcr:primaryType="nt:unstructured">
                                    <imgalt
                                            jcr:primaryType="nt:unstructured"
                                            sling:resourceType="granite/ui/components/foundation/form/textfield"
                                            fieldLabel="imgalt_dlglabel"
                                            name="./teaser/teasercarousel/imageprops/alt"
                                            id="imgalt-teasercarousel"/>
                                    <imgtitle
                                            jcr:primaryType="nt:unstructured"
                                            sling:resourceType="granite/ui/components/foundation/form/textfield"
                                            fieldLabel="imgtitle_dlglabel"
                                            name="./teaser/teasercarousel/imageprops/title"
                                            id="imgtitle-teasercarousel"/>
                                </items>
                            </teaserimgattributes>
                            <teaserimage
                                    jcr:primaryType="nt:unstructured"
                                    jcr:title="teasercarousel_image"
                                    sling:resourceType="granite/ui/components/foundation/form/fieldset">
                                <items jcr:primaryType="nt:unstructured">
                                    <teaserimage
                                            jcr:primaryType="nt:unstructured"
                                            sling:resourceType="granite/ui/components/foundation/form/pathbrowser"
                                            rootPath="/content/dam"
                                            name="./teaser/teasercarousel/image/fileReference"
                                            title="pageprops_teaserimage"/>
                                    <resType
                                            jcr:primaryType="nt:unstructured"
                                            sling:resourceType="granite/ui/components/foundation/form/hidden"
                                            ignoreData="{Boolean}true"
                                            name="./teaser/teasercarousel/image/sling:resourceType"
                                            value="foundation/components/image"/>
                                </items>
                            </teaserimage>
                        </items>
                    </columns>
                </items>
            </carouselteaser>
        </items>
    </content>
</jcr:root>
