<?xml version="1.0" encoding="UTF-8"?>
<jcr:root xmlns:sling="http://sling.apache.org/jcr/sling/1.0" xmlns:cq="http://www.day.com/jcr/cq/1.0"
          xmlns:jcr="http://www.jcp.org/jcr/1.0" xmlns:nt="http://www.jcp.org/jcr/nt/1.0"
          jcr:primaryType="nt:unstructured"
          jcr:title="Page"
          sling:resourceType="cq/gui/components/authoring/dialog"
          extraClientlibs="[cq.common.wcm,cq.siteadmin.admin.properties]"
          mode="edit">
    <content jcr:primaryType="nt:unstructured">
        <items jcr:primaryType="nt:unstructured">
            <tabs jcr:primaryType="nt:unstructured">
                <items jcr:primaryType="nt:unstructured">
                    <basic jcr:primaryType="nt:unstructured">
                        <items jcr:primaryType="nt:unstructured">
                            <column jcr:primaryType="nt:unstructured">
                                <items jcr:primaryType="nt:unstructured">
                                    <title jcr:primaryType="nt:unstructured">
                                        <items jcr:primaryType="nt:unstructured">
                                            <pagename jcr:primaryType="nt:unstructured"
                                                      sling:hideResource="true"/>
                                            <hidesubnav
                                                    jcr:primaryType="nt:unstructured"
                                                    sling:resourceType="granite/ui/components/foundation/form/checkbox"
                                                    text="Deactivate sub-navigation"
                                                    fieldDescription="Suppresses generating the sub-navigation so the main menu entry leads directly to this page"
                                                    name="./hideSubnavigation"
                                                    value="true"/>
                                        </items>
                                    </title>
                                    <moretitles jcr:primaryType="nt:unstructured">
                                        <items jcr:primaryType="nt:unstructured">
                                            <pagetitle jcr:primaryType="nt:unstructured"
                                                       sling:hideResource="true"/>
                                            <subtitle jcr:primaryType="nt:unstructured"
                                                      sling:hideResource="true"/>
                                        </items>
                                    </moretitles>
                                    <vanityurl jcr:primaryType="nt:unstructured"
                                               sling:hideResource="true"/>
                                </items>
                            </column>
                        </items>
                    </basic>
                    <pfteaser
                            jcr:primaryType="nt:unstructured"
                            jcr:title="Product Finder Teaser"
                            sling:resourceType="granite/ui/components/foundation/section">
                        <layout
                                jcr:primaryType="nt:unstructured"
                                sling:resourceType="granite/ui/components/foundation/layouts/fixedcolumns"/>
                        <items jcr:primaryType="nt:unstructured">
                            <columns
                                    jcr:primaryType="nt:unstructured"
                                    sling:resourceType="granite/ui/components/foundation/container">
                                <items jcr:primaryType="nt:unstructured">
                                    <pfteaser
                                            jcr:primaryType="nt:unstructured"
                                            sling:resourceType="granite/ui/components/foundation/form/fieldset">
                                        <items jcr:primaryType="nt:unstructured">
                                            <pfteasertext
                                                    jcr:primaryType="nt:unstructured"
                                                    sling:resourceType="granite/ui/components/foundation/form/textfield"
                                                    name="./pfTeaserText"
                                                    fieldLabel="Link text"
                                                    fieldDescription="Text for the red product finder teaser"/>
                                            <pfteaserlink
                                                    jcr:primaryType="nt:unstructured"
                                                    sling:resourceType="granite/ui/components/foundation/form/textfield"
                                                    name="./pfTeaserLink"
                                                    fieldLabel="Link href"
                                                    fieldDescription="Link to the product finder (append 'cat-' selector to deep link category)"/>
                                            <pfteaserimage
                                                    jcr:primaryType="nt:unstructured"
                                                    sling:resourceType="granite/ui/components/foundation/form/pathbrowser"
                                                    rootPath="/content/dam/schwarzkopf"
                                                    fileNameParameter="./pfTeaserImage/fileName"
                                                    fileReferenceParameter="./pfTeaserImage/fileReference"
                                                    name="./pfTeaserImage/file"
                                                    title="Teaser Image"
                                                    fieldLabel="Teaser Image"/>
                                        </items>
                                    </pfteaser>
                                </items>
                            </columns>
                        </items>
                    </pfteaser>
                </items>
            </tabs>
        </items>
    </content>
</jcr:root>

