<?xml version="1.0" encoding="UTF-8"?>
<jcr:root xmlns:cq="http://www.day.com/jcr/cq/1.0" xmlns:jcr="http://www.jcp.org/jcr/1.0" xmlns:nt="http://www.jcp.org/jcr/nt/1.0"
    jcr:primaryType="cq:Dialog"
    activeTab="0"
    xtype="tabpanel">
    <items jcr:primaryType="cq:WidgetCollection">
        <galleryimage_tab_info
            jcr:primaryType="cq:Widget"
            anchor="100%"
            title="galleryimage_tab_info"
            xtype="panel">
            <items jcr:primaryType="cq:WidgetCollection">          
				<headline
				   jcr:primaryType="cq:Widget"
				   path="/apps/base/dialogs/elements/classic/headline.infinity.json"
				   xtype="cqinclude"/>
				<richtext
				   jcr:primaryType="cq:Widget"
				   path="/apps/base/dialogs/elements/classic/richtext.infinity.json"
				   xtype="cqinclude"/>
				<restype1
			        jcr:primaryType="cq:Widget"
			        ignoreData="{Boolean}true"
			        name="./image1/sling:resourceType"
			        value="/libs/foundation/components/image"
			        xtype="hidden"/>
				<restype2
			        jcr:primaryType="cq:Widget"
			        ignoreData="{Boolean}true"
			        name="./image2/sling:resourceType"
			        value="/libs/foundation/components/image"
			        xtype="hidden"/>
				<restype3
			        jcr:primaryType="cq:Widget"
			        ignoreData="{Boolean}true"
			        name="./image3/sling:resourceType"
			        value="/libs/foundation/components/image"
			        xtype="hidden"/>			        			        			        	            	            
            </items>
        </galleryimage_tab_info>
		<galleryimage_tab_img_attributes
			jcr:primaryType="cq:Widget"
			title="galleryimage_tab_img_attributes"
			xtype="panel">
			<items jcr:primaryType="cq:WidgetCollection">
				<imgalt
					jcr:primaryType="cq:Widget"
					fieldLabel="imgalt_dlglabel"
					name="./imageprops2/alt"
					xtype="textfield">
				</imgalt>
				<imgtitle
					jcr:primaryType="cq:Widget"
					fieldLabel="imgtitle_dlglabel"
					name="./imageprops2/title"
					xtype="textfield">
				</imgtitle>
				<imgcaption
					jcr:primaryType="cq:Widget"
					fieldLabel="imgcaption_dlglabel"
					name="./imageprops2/caption"
					xtype="textfield">
				</imgcaption>
				<imgcopyright
					jcr:primaryType="cq:Widget"
					fieldLabel="imgcopyright_dlglabel"
					name="./imageprops2/copyright"
					xtype="textfield">
				</imgcopyright>
		    </items>
		</galleryimage_tab_img_attributes>
        <galleryimage_tab_thumbnail 
		    jcr:primaryType="cq:Widget"
   		    allowFileReference="true"
   		    allowUpload="false"
		    ddAccept="[image/(gif|jpeg|png|jpg|pjpeg)]"
		    ddGroups="[media]"
		    fileNameParameter="./image1/fileName"
		    fileReferenceParameter="./image1/fileReference"
		    name="./image1/file"
		    requestSuffix="/image1.img.png"
		    disableZoom="{Boolean}true"
			hideLabel="{Boolean}true"
		    title="galleryimage_tab_thumbnail"
		    uploadUrl="/tmp/upload_test/*"
		    xtype="html5smartimage"/>
        <galleryimage_tab_medium 
		    jcr:primaryType="cq:Widget"
   		    allowFileReference="true"
   		    allowUpload="false"
		    ddAccept="[image/(gif|jpeg|png|jpg|pjpeg)]"
		    ddGroups="[media]"
		    fileNameParameter="./image2/fileName"
		    fileReferenceParameter="./image2/fileReference"
		    name="./image2/file"
		    requestSuffix="/image2.img.png"
		    disableZoom="{Boolean}true"
			hideLabel="{Boolean}true"
		    title="galleryimage_tab_medium"
		    uploadUrl="/tmp/upload_test/*"
		    xtype="html5smartimage"/>
        <galleryimage_tab_large 
		    jcr:primaryType="cq:Widget"
   		    allowFileReference="true"
   		    allowUpload="false"
		    ddAccept="[image/(gif|jpeg|png|jpg|pjpeg)]"
		    ddGroups="[media]"
		    fileNameParameter="./image3/fileName"
		    fileReferenceParameter="./image3/fileReference"
		    name="./image3/file"
		    requestSuffix="/image3.img.png"
		    disableZoom="{Boolean}true"
			hideLabel="{Boolean}true"
		    title="galleryimage_tab_large"
		    uploadUrl="/tmp/upload_test/*"
		    xtype="html5smartimage"/>
	</items>
	
</jcr:root>
