<?xml version="1.0" encoding="UTF-8"?>
<jcr:root xmlns:sling="http://sling.apache.org/jcr/sling/1.0" xmlns:cq="http://www.day.com/jcr/cq/1.0"
          xmlns:jcr="http://www.jcp.org/jcr/1.0" xmlns:nt="http://www.jcp.org/jcr/nt/1.0"
          jcr:primaryType="nt:unstructured"
          jcr:title="Page"
          sling:resourceType="cq/gui/components/authoring/dialog"
          extraClientlibs="[cq.common.wcm,cq.siteadmin.admin.properties]"
          mode="edit">
    <content jcr:primaryType="nt:unstructured">
        <items jcr:primaryType="nt:unstructured">
            <tabs jcr:primaryType="nt:unstructured">
                <items jcr:primaryType="nt:unstructured">
                    <advanced jcr:primaryType="nt:unstructured">
                        <items jcr:primaryType="nt:unstructured">
                            <columns jcr:primaryType="nt:unstructured">
                                <items jcr:primaryType="nt:unstructured">
                                    <advanced
                                            jcr:primaryType="nt:unstructured">
                                        <items jcr:primaryType="nt:unstructured">
                                            <alias jcr:primaryType="nt:unstructured"
                                                      sling:hideResource="true"></alias>
                                        </items>
                                    </advanced>
                                </items>
                            </columns>
                        </items>
                    </advanced>
                    <settings
                            jcr:primaryType="nt:unstructured"
                            jcr:title="Brand Settings"
                            sling:resourceType="granite/ui/components/foundation/section">
                        <layout
                                jcr:primaryType="nt:unstructured"
                                sling:resourceType="granite/ui/components/foundation/layouts/fixedcolumns"
                                margin="{Boolean}true"/>
                        <items jcr:primaryType="nt:unstructured">
                            <column
                                    jcr:primaryType="nt:unstructured"
                                    sling:resourceType="granite/ui/components/foundation/container">
                                <items jcr:primaryType="nt:unstructured">
                                    <gtmhostname
                                            jcr:primaryType="nt:unstructured"
                                            sling:resourceType="granite/ui/components/foundation/form/textfield"
                                            name="./gtmHostname"
                                            fieldLabel="GTM Hostname"
                                            fieldDescription="Legacy hostname for GTM"/>
                                </items>
                            </column>
                        </items>
                    </settings>
                    <cloudservices jcr:primaryType="nt:unstructured"
                              sling:hideResource="true"/>
                </items>
            </tabs>
        </items>
    </content>
</jcr:root>

