<?xml version="1.0" encoding="UTF-8"?>
<jcr:root 
    xmlns:cq="http://www.day.com/jcr/cq/1.0" 
    xmlns:jcr="http://www.jcp.org/jcr/1.0" 
    xmlns:nt="http://www.jcp.org/jcr/nt/1.0"
    jcr:primaryType="cq:Dialog"
    stateful="false"
    height="600"
    width="700"
    xtype="dialog">
    <items
        jcr:primaryType="cq:Widget"
        xtype="tabpanel">
        <items 
            jcr:primaryType="cq:WidgetCollection">
            <basic
                jcr:primaryType="cq:Panel"
                title="Basic">
                <items 
                    jcr:primaryType="cq:WidgetCollection">
                    <basic
                        jcr:primaryType="cq:Widget"
                        collapsed="{Boolean}false"
                        collapsible="{Boolean}false"
                        xtype="dialogfieldset">
                        <items 
                            jcr:primaryType="cq:WidgetCollection">
                            <hideinnav
                                jcr:primaryType="cq:Widget"
                                fieldLabel="Hide in Navigation"
                                fieldDescription="pageprops_hideInNav_desc"
                                inputValue="true"
                                name="./hideInNav"
                                type="checkbox"
                                xtype="selection"/>
                            <hideinmobilenav
                                    jcr:primaryType="cq:Widget"
                                    fieldLabel="Hide in Mobile Navigation"
                                    fieldDescription="pageprops_hideInMobileNav_desc"
                                    inputValue="true"
                                    name="./hideInMobileNav"
                                    type="checkbox"
                                    xtype="selection"/>
                            <hidesubnav
                                    jcr:primaryType="cq:Widget"
                                    fieldLabel="Deactivate sub-navigation"
                                    fieldDescription="Suppresses generating the sub-navigation so the main menu entry leads directly to this page"
                                    inputValue="true"
                                    name="./hideSubnavigation"
                                    type="checkbox"
                                    xtype="selection"/>
                            <showchildren
                                jcr:primaryType="cq:Widget"
                                fieldLabel="pageprops_showchildren_dlglabel"
                                fieldDescription="pageprops_showchildren_desc"
                                inputValue="true"
                                name="./showChildren"
                                type="checkbox"
                                xtype="selection"/>
                            <tags
                                jcr:primaryType="cq:Widget"
                                cls="cq-propsdialog-tags"
                                fieldLabel="Tags/Keywords"
                                name="./cq:tags"
                                xtype="tags"/>
                            <title
                                jcr:primaryType="cq:Widget"
                                fieldLabel="Title"
                                name="./jcr:title"
                                xtype="textfield"/>
                        </items>
                    </basic>
                    <more_titles
                        jcr:primaryType="cq:Widget"
                        collapsed="{Boolean}true"
                        collapsible="{Boolean}true"
                        id="cq-pageprops-more-titles"
                        title="More Titles and Description"
                        xtype="dialogfieldset">
                        <items 
                            jcr:primaryType="cq:WidgetCollection">
                            <description
                                jcr:primaryType="cq:Widget"
                                fieldLabel="Description"
                                name="./jcr:description"
                                xtype="textarea"/>
                            <navtitle
                                jcr:primaryType="cq:Widget"
                                fieldLabel="Navigation Title"
                                name="./navTitle"
                                xtype="textfield"/>
                            <navtitleextension
                                jcr:primaryType="cq:Widget"
                                fieldLabel="pageprops_navtitleextension_dlglabel"
                                name="./navTitleExtension"
                                xtype="textfield"/>
                            <navtitledescription
                                jcr:primaryType="cq:Widget"
                                fieldLabel="pageprops_navtitledescription_dlglabel"
                                name="./navTitleDescription"
                                xtype="textfield"/>
                        </items>
                    </more_titles>
                    <onofftime
                        jcr:primaryType="cq:Widget"
                        collapsed="{Boolean}true"
                        collapsible="{Boolean}true"
                        id="cq-pageprops-more-onofftime"
                        title="On/Off Time"
                        xtype="dialogfieldset">
                        <items 
                            jcr:primaryType="cq:WidgetCollection">
                            <offTimeHint
                                jcr:primaryType="cq:Widget"
                                ignoreData="{Boolean}true"
                                name="./offTime@TypeHint"
                                value="Date"
                                xtype="hidden"/>
                            <offtime
                                jcr:primaryType="cq:Widget"
                                ctCls="cq-propsdialog-offtime"
                                fieldLabel="Off Time"
                                name="./offTime"
                                xtype="datetime"/>
                            <onTimeHint
                                jcr:primaryType="cq:Widget"
                                ignoreData="{Boolean}true"
                                name="./onTime@TypeHint"
                                value="Date"
                                xtype="hidden"/>
                            <ontime
                                jcr:primaryType="cq:Widget"
                                ctCls="cq-propsdialog-ontime"
                                fieldLabel="On Time"
                                name="./onTime"
                                xtype="datetime"/>
                        </items>
                    </onofftime>
                </items>
            </basic>
            <advanced
                jcr:primaryType="cq:Panel"
                title="Advanced">
                <items 
                    jcr:primaryType="cq:WidgetCollection">
                    <advanced
                        jcr:primaryType="cq:Widget"
                        collapsed="{Boolean}false"
                        collapsible="{Boolean}false"
                        xtype="dialogfieldset">
                        <items jcr:primaryType="cq:WidgetCollection">
                            <redirect
                                jcr:primaryType="cq:Widget"
                                fieldLabel="Redirect"
                                name="./redirectTarget"
                                xtype="pathfield"/>
                            <redirectiontype
                                jcr:primaryType="cq:Widget"
                                fieldLabel="system_redirect_type_dlglabel"
                                fieldDescription="system_redirect_type_desc"
                                name="./redirectType"
                                defaultValue="302"
                                type="select"
                                xtype="selection">
                                <options jcr:primaryType="cq:WidgetCollection">
                                    <temporary
                                        jcr:primaryType="nt:unstructured"
                                        text="redirect_type_temporary"
                                        value="302" />
                                    <permanent
                                        jcr:primaryType="nt:unstructured"
                                        text="redirect_type_permanent"
                                        value="301" />
                                </options>
                            </redirectiontype>
                            <alias
                                    jcr:primaryType="cq:Widget"
                                    fieldLabel="Alias"
                                    name="./sling:alias"
                                    xtype="textfield"/>
                            <hideproducts
                                jcr:primaryType="cq:Widget"
                                fieldLabel="Hide recommended products"
                                fieldDescription="When activated, recommended products will not be shown on this page"
                                inputValue="true"
                                name="./hideproducts"
                                type="checkbox"
                                xtype="selection" />
                        </items>
                    </advanced>
                </items>
            </advanced>
            <doubleclick
                    jcr:primaryType="cq:Widget"
                    path="/apps/schwarzkopf_v2/components/DIALOG/tabs/classic/doubleclick.infinity.json"
                    xtype="cqinclude"/>
            <pageteaserbig
                jcr:primaryType="cq:Widget"   
                path="/apps/schwarzkopf_v2/components/DIALOG/tabs/classic/pageteaserbig.infinity.json"
                xtype="cqinclude"/>
            <carouselteaser
                jcr:primaryType="cq:Widget"   
                path="/apps/schwarzkopf_v2/components/DIALOG/tabs/classic/carouselteaser.infinity.json"
                xtype="cqinclude"/>
            <hugelandscape
                    jcr:primaryType="cq:Widget"
                    path="/apps/schwarzkopf_v2/components/DIALOG/tabs/classic/hugelandscape.infinity.json"
                    xtype="cqinclude"/>
            <stageteaser
                    jcr:primaryType="cq:Widget"
                    path="/apps/schwarzkopf_v2/components/DIALOG/tabs/classic/stageteaser.infinity.json"
                    xtype="cqinclude"/>
            <stagethumbnail
                    jcr:primaryType="cq:Widget"
                    path="/apps/schwarzkopf_v2/components/DIALOG/tabs/classic/stagethumbnail.infinity.json"
                    xtype="cqinclude"/>
            <pfteaser
                    jcr:primaryType="cq:Panel"
                    title="Product Finder Teaser">
                <items jcr:primaryType="cq:WidgetCollection">
                    <pfteasertext
                        jcr:primaryType="cq:Widget"
                        xtype="textfield"
                        name="./pfTeaserText"
                        fieldLabel="Link text"
                        fieldDescription="Text for the red product finder teaser" />
                    <pfteaserlink
                            jcr:primaryType="cq:Widget"
                            xtype="textfield"
                            name="./pfTeaserLink"
                            fieldLabel="Link href"
                            fieldDescription="Link to the product finder (append 'cat-' selector to deep link category)" />
                    <pfteaserimage
                            jcr:primaryType="cq:Widget"
                            allowFileReference="true"
                            allowUpload="false"
                            autoHeight="false"
                            ddAccept="[image/(gif|jpeg|png|jpg|pjpeg)]"
                            ddGroups="[media]"
                            fileNameParameter="./pfTeaserImage/fileName"
                            fileReferenceParameter="./pfTeaserImage/fileReference"
                            height="300"
                            hideLabel="{Boolean}true"
                            disableZoom="{Boolean}true"
                            name="./pfTeaserImage/file"
                            title="Teaser Image"
                            xtype="html5smartimage" />
                </items>
            </pfteaser>
            <sitemap
                jcr:primaryType="cq:Widget"
                path="/apps/schwarzkopf_v2/components/DIALOG/tabs/classic/sitemap.infinity.json"
                title="sitemap_dlgtab"
                xtype="cqinclude"/>
            <blueprint
                jcr:primaryType="cq:Widget"
                xtype="blueprintconfig"/>
            <liveCopy
                jcr:primaryType="cq:Widget"
                xtype="livecopyproperties"/>    
        </items>
    </items>
</jcr:root>