<?xml version="1.0" encoding="UTF-8"?>
<jcr:root xmlns:sling="http://sling.apache.org/jcr/sling/1.0" xmlns:cq="http://www.day.com/jcr/cq/1.0"
          xmlns:jcr="http://www.jcp.org/jcr/1.0" xmlns:nt="http://www.jcp.org/jcr/nt/1.0"
          jcr:primaryType="nt:unstructured"
          jcr:title="How to Slider Item"
          sling:resourceType="cq/gui/components/authoring/dialog"
          fileName="_cq_dialog.xml"
          mode="edit">
    <content
            jcr:primaryType="nt:unstructured"
            sling:resourceType="granite/ui/components/foundation/container">
        <layout
                jcr:primaryType="nt:unstructured"
                sling:resourceType="granite/ui/components/foundation/layouts/tabs"/>
        <items jcr:primaryType="nt:unstructured">
            <Text
                    cq:hideOnEdit="{Boolean}false"
                    cq:showOnCreate="{Boolean}true"
                    jcr:primaryType="nt:unstructured"
                    jcr:title="Text"
                    sling:resourceType="granite/ui/components/foundation/section">
                <layout
                        jcr:primaryType="nt:unstructured"
                        sling:resourceType="granite/ui/components/foundation/layouts/fixedcolumns"/>
                <items jcr:primaryType="nt:unstructured">
                    <column
                            jcr:primaryType="nt:unstructured"
                            sling:resourceType="granite/ui/components/foundation/container">
                        <items jcr:primaryType="nt:unstructured">
                            <headline
                                    cq:hideOnEdit="{Boolean}false"
                                    cq:showOnCreate="{Boolean}true"
                                    jcr:primaryType="nt:unstructured"
                                    sling:resourceType="granite/ui/components/foundation/form/textfield"
                                    disabled="{Boolean}false"
                                    fieldLabel="Headline"
                                    name="./headline"
                                    renderReadOnly="{Boolean}true"
                                    required="{Boolean}false"/>
                            <richtext
                                    jcr:primaryType="nt:unstructured"
                                    sling:resourceType="granite/ui/components/foundation/include"
                                    path="/apps/base/dialogs/elements/richtexthowtoslideritem/cq:dialog/content/items/richtext">
                            </richtext>
                        </items>
                    </column>
                </items>
            </Text>
            <Image
                    cq:hideOnEdit="{Boolean}false"
                    cq:showOnCreate="{Boolean}true"
                    jcr:primaryType="nt:unstructured"
                    jcr:title="Image"
                    sling:resourceType="granite/ui/components/foundation/section">
                <layout
                        jcr:primaryType="nt:unstructured"
                        sling:resourceType="granite/ui/components/foundation/layouts/fixedcolumns"/>
                <items jcr:primaryType="nt:unstructured">
                    <column
                            jcr:primaryType="nt:unstructured"
                            sling:resourceType="granite/ui/components/foundation/container">
                        <items jcr:primaryType="nt:unstructured">
                            <image
                                    cq:hideOnEdit="{Boolean}false"
                                    cq:showOnCreate="{Boolean}true"
                                    jcr:primaryType="nt:unstructured"
                                    sling:resourceType="granite/ui/components/foundation/form/fileupload"
                                    autoStart="{Boolean}false"
                                    disabled="{Boolean}false"
                                    fieldLabel="Image"
                                    mimeTypes="[image]"
                                    multiple="{Boolean}false"
                                    name="./image/file"
                                    renderReadOnly="{Boolean}true"
                                    required="{Boolean}false"
                                    uploadUrl="${suffix.path}"
                                    useHTML5="{Boolean}true"/>
                        </items>
                    </column>
                </items>
            </Image>
        </items>
    </content>
</jcr:root>
