<?xml version="1.0" encoding="UTF-8"?>
<jcr:root xmlns:cq="http://www.day.com/jcr/cq/1.0" xmlns:jcr="http://www.jcp.org/jcr/1.0"
    jcr:primaryType="cq:Dialog"
    height="550"
    width="550"
    xtype="dialog">
    <items
        jcr:primaryType="nt:unstructured"
        activeTab="0"
        xtype="tabpanel">
	    <items jcr:primaryType="cq:WidgetCollection">
	        <tab1
	        	jcr:primaryType="cq:Widget"
	            path="/apps/base/dialogs/tabs/classic/image.infinity.json"
				xtype="cqinclude">
	        </tab1>
		   	<tab2
	    		jcr:primaryType="cq:Widget"
	            title="imageproperties_dlgtab"
	            xtype="panel">
	            <items jcr:primaryType="cq:WidgetCollection">
				    <imgalt
				        jcr:primaryType="cq:Widget"
						fieldLabel="imageproperties_alttext_dlglabel"
						name="./imageprops/alt"
						xtype="textfield">
	                   </imgalt>
			        <imgtitle
	                       jcr:primaryType="cq:Widget"
	                       fieldLabel="imageproperties_title_dlglabel"
	                       name="./imageprops/title"
	                       xtype="textfield">
	                   </imgtitle>
				</items>
			</tab2>
	        <tab3
	        	jcr:primaryType="cq:Widget"
	            path="/apps/base/dialogs/tabs/classic/richtext.infinity.json"
				xtype="cqinclude">
	        </tab3>
	    </items>
    </items>
</jcr:root>