[
  {
    "id": 1,
    "ean": "",
    "name": "Schwarz Rot Org",
    "hexcolor": "#060017",
    "guid": "BCC-16641_20180821_DYE_12_01",
    "productseries": 8038374
  },
  {
    "id": 2,
    "ean": "",
    "name": "Blau Schwarz",
    "hexcolor": "#000019",
    "guid": "BCC-16641_20180821_DYE_11_01",
    "productseries": 8038374
  },
  {
    "id": 3,
    "ean": "4015100200263",
    "name": "Schwarz",
    "hexcolor": "#040118",
    "guid": "BCC-16641_20180821_DYE_10_01",
    "productseries": 8038374
  },
  {
    "id": 4,
    "ean": "4015100200447",
    "name": "Dunkle Kirsche",
    "hexcolor": "#3b0d27",
    "guid": "BCC-16641_20180821_DYE_09_01",
    "productseries": 8038374
  },
  {
    "id": 5,
    "ean": "",
    "name": "Mahagoni Satin",
    "hexcolor": "#450c2a",
    "guid": "BCC-16641_20180821_DYE_08_01",
    "productseries": 8038374
  },
  {
    "id": 6,
    "ean": "",
    "name": "Dunkelbraun",
    "hexcolor": "#241215",
    "guid": "BCC-16641_20180821_DYE_07_01",
    "productseries": 8038374
  },
  {
    "id": 7,
    "ean": "",
    "name": "Edelmahagoni",
    "hexcolor": "#4d142b",
    "guid": "BCC-16641_20180821_DYE_06_01",
    "productseries": 8038374
  },
  {
    "id": 8,
    "ean": "",
    "name": "Samtbraun",
    "hexcolor": "#2e0613",
    "guid": "BCC-16641_20180821_DYE_05_01",
    "productseries": 8038374
  },
  {
    "id": 9,
    "ean": "",
    "name": "Intensive Red",
    "hexcolor": "#62121f",
    "guid": "BCC-16641_20180821_DYE_04_01",
    "productseries": 8038374
  },
  {
    "id": 10,
    "ean": "",
    "name": "Mahagoni- Braun",
    "hexcolor": "#490b07",
    "guid": "BCC-16641_20180821_DYE_03_01",
    "productseries": 8038374
  },
  {
    "id": 11,
    "ean": "",
    "name": "Rehbraun",
    "hexcolor": "#431f17",
    "guid": "BCC-16641_20180821_DYE_02_01",
    "productseries": 8038374
  },
  {
    "id": 12,
    "ean": "",
    "name": "Naturbraun",
    "hexcolor": "#41342d",
    "guid": "BCC-16641_20180821_DYE_01_01",
    "productseries": 8038374
  },
  {
    "id": 13,
    "ean": "",
    "name": "Ultra Violett",
    "hexcolor": "#570c28",
    "guid": "BCC-16641_20180820_DYE_12_01",
    "productseries": 8034561
  },
  {
    "id": 14,
    "ean": "",
    "name": "Violette Wildse",
    "hexcolor": "#64113b",
    "guid": "BCC-16641_20180820_DYE_11_01",
    "productseries": 8034561
  },
  {
    "id": 15,
    "ean": "",
    "name": "Kaschmirrot",
    "hexcolor": "#640327",
    "guid": "BCC-16641_20180820_DYE_10_01",
    "productseries": 8034561
  },
  {
    "id": 16,
    "ean": "",
    "name": "Scandinavia",
    "hexcolor": "#f7c7a7",
    "guid": "BCC-16641_20180820_DYE_09_01",
    "productseries": 8034561
  },
  {
    "id": 17,
    "ean": "",
    "name": "Dunkler Rubin",
    "hexcolor": "#6d0933",
    "guid": "BCC-16641_20180820_DYE_08_01",
    "productseries": 8034561
  },
  {
    "id": 18,
    "ean": "",
    "name": "Dunkler Amethys",
    "hexcolor": "#180001",
    "guid": "BCC-16641_20180820_DYE_07_01",
    "productseries": 8034561
  },
  {
    "id": 19,
    "ean": "",
    "name": "Kühler Topas",
    "hexcolor": "#450407",
    "guid": "BCC-16641_20180820_DYE_06_01",
    "productseries": 8034561
  },
  {
    "id": 20,
    "ean": "",
    "name": "Absolut Violett",
    "hexcolor": "#190012 ",
    "guid": "BCC-16641_20180820_DYE_05_01",
    "productseries": 8034561
  },
  {
    "id": 21,
    "ean": "",
    "name": "Honigblonde",
    "hexcolor": "#ffd9b4",
    "guid": "BCC-16641_20180820_DYE_04_01",
    "productseries": 8034561
  },
  {
    "id": 22,
    "ean": "",
    "name": "Schokobraun",
    "hexcolor": "#22030b",
    "guid": "BCC-16641_20180820_DYE_03_01",
    "productseries": 8034561
  },
  {
    "id": 23,
    "ean": "",
    "name": "L100-Platin",
    "hexcolor": "#ffcda8",
    "guid": "BCC-16641_20180820_DYE_02_01",
    "productseries": 8034561
  },
  {
    "id": 24,
    "ean": "",
    "name": "L1+-Extrem",
    "hexcolor": "#ffc69b",
    "guid": "BCC-16641_20180820_DYE_01_01",
    "productseries": 8034561
  },
  {
    "id": 25,
    "ean": "",
    "name": "L1++ EXTREM AUF",
    "hexcolor": "#9e5f3a",
    "guid": "BCC-16641_20180816_DYE_01_01",
    "productseries": 8034561
  },
  {
    "id": 26,
    "ean": "4015100194746",
    "name": "Intensives Schw",
    "hexcolor": "#000013",
    "guid": "BCC-16641_20181022_DYE_01_01",
    "productseries": 8043257
  },
  {
    "id": 27,
    "ean": "4015100194814",
    "name": "Hellblond",
    "hexcolor": "#f1c2a0",
    "guid": "BCC-16641_20181022_DYE_03_01",
    "productseries": 8043257
  },
  {
    "id": 28,
    "ean": "4015100194807",
    "name": "Dunkelbraun",
    "hexcolor": "#140008",
    "guid": "BCC-16641_20181022_DYE_04_01",
    "productseries": 8043257
  },
  {
    "id": 29,
    "ean": "4015100194753",
    "name": "Dunkelbraun",
    "hexcolor": "#130003",
    "guid": "BCC-16641_20181022_DYE_05_01",
    "productseries": 8043257
  },
  {
    "id": 30,
    "ean": "4015100194784",
    "name": "Mittelbraun",
    "hexcolor": "#28110f",
    "guid": "BCC-16641_20181022_DYE_06_01",
    "productseries": 8043257
  },
  {
    "id": 31,
    "ean": "4015100194791",
    "name": "Beige- Braun",
    "hexcolor": "#170002",
    "guid": "BCC-16641_20181022_DYE_07_01",
    "productseries": 8043257
  },
  {
    "id": 32,
    "ean": "4015100194685",
    "name": "Hellbraun",
    "hexcolor": "#270e04",
    "guid": "BCC-16641_20181022_DYE_08_01",
    "productseries": 8043257
  },
  {
    "id": 33,
    "ean": "4015100194760",
    "name": "Dunkelblond",
    "hexcolor": "#3d1f15",
    "guid": "BCC-16641_20181022_DYE_09_01",
    "productseries":8043257
  },
  {
    "id": 34,
    "ean": "4015100194869",
    "name": "Mittelblond",
    "hexcolor": "#7f5e43",
    "guid": "BCC-16641_20181022_DYE_10_01",
    "productseries": 8043257
  },
  {
    "id": 35,
    "ean": "4015100194821",
    "name": "Hellblond",
    "hexcolor": "#866d50",
    "guid": "BCC-16641_20181022_DYE_11_01",
    "productseries": 8043257
  },
  {
    "id": 36,
    "ean": "4015000539661",
    "name": "Dunkelblond",
    "hexcolor": "#593a32",
    "guid": "BCC-16641_20181022_DYE_12_01",
    "productseries": 8034564
  },
  {
    "id": 37,
    "ean": "4015000523639",
    "name": "Herbstrot",
    "hexcolor": "#ac5a41",
    "guid": "BCC-16641_20181022_DYE_13_01",
    "productseries": 8034564
  },
  {
    "id": 38,
    "ean": "4015000523646",
    "name": "Haselnuss",
    "hexcolor": "#4f2723",
    "guid": "BCC-16641_20181022_DYE_14_01",
    "productseries": 8034564
  },
  {
    "id": 39,
    "ean": "4015000523622",
    "name": "Granatrot",
    "hexcolor": "#290110",
    "guid": "BCC-16641_20181022_DYE_15_01",
    "productseries": 8034564
  },
  {
    "id": 40,
    "ean": "4015000523738",
    "name": "Nougatbraun",
    "hexcolor": "#3b302d",
    "guid": "BCC-16641_20181022_DYE_16_01",
    "productseries": 8034564
  },
  {
    "id": 41,
    "ean": "4015000523691",
    "name": "Dunkelbraun",
    "hexcolor": "#160012",
    "guid": "BCC-16641_20181022_DYE_17_01",
    "productseries": 8034564
  },
  {
    "id": 42,
    "ean": "4015000531023",
    "name": "Kakao",
    "hexcolor": "#100010",
    "guid": "BCC-16641_20181022_DYE_18_01",
    "productseries": 8034564
  },
  {
    "id": 43,
    "ean": "4015000523707",
    "name": "Rouge Noir",
    "hexcolor": "#352c2a",
    "guid": "BCC-16641_20181022_DYE_19_01",
    "productseries": 8034564
  },
  {
    "id": 44,
    "ean": "4015000523714",
    "name": "schwarzbraun",
    "hexcolor": "#2d2c2c",
    "guid": "BCC-16641_20181022_DYE_20_01",
    "productseries": 8034564
  },
  {
    "id": 45,
    "ean": "4015001010176",
    "name": "Light Ash blond",
    "hexcolor": "#e8bEe9c",
    "guid": "BCC-16641_20181022_DYE_21_01",
    "productseries": 8041766
  },
  {
    "id": 46,
    "ean": "4015001010268",
    "name": " Natural blonde",
    "hexcolor": "#e9bd9c",
    "guid": "BCC-16641_20181022_DYE_22_01",
    "productseries": 8041766
  },
  {
    "id": 47,
    "ean": "4015001010336",
    "name": "Hellblond",
    "hexcolor": "#bc9979",
    "guid": "BCC-16641_20181022_DYE_23_01",
    "productseries": 8041766
  },
  {
    "id": 48,
    "ean": "4015001010244",
    "name": "Mittelblond",
    "hexcolor": "#806147",
    "guid": "BCC-16641_20181022_DYE_24_01",
    "productseries": 8041766
  },
  {
    "id": 49,
    "ean": "4015001010312",
    "name": "Mittelbraun",
    "hexcolor": "#16000c",
    "guid": "BCC-16641_20181022_DYE_25_01",
    "productseries": 8041766
  },
  {
    "id": 50,
    "ean": "4015001010343",
    "name": "Hellbraun",
    "hexcolor": "#3d322d",
    "guid": "BCC-16641_20181022_DYE_26_01",
    "productseries": 8041766
  },
  {
    "id": 51,
    "ean": "4015001010282",
    "name": "Hazelnut",
    "hexcolor": "#36141b",
    "guid": "BCC-16641_20181022_DYE_27_01",
    "productseries": 8041766
  },
  {
    "id": 52,
    "ean": "4015001010169",
    "name": "Kastanie",
    "hexcolor": "#441e1f",
    "guid": "BCC-16641_20181022_DYE_28_01",
    "productseries": 8041766
  },
  {
    "id": 53,
    "ean": "4015001010213",
    "name": "Herbstgold",
    "hexcolor": "#713424",
    "guid": "BCC-16641_20181022_DYE_29_01",
    "productseries": 8041766
  },
  {
    "id": 54,
    "ean": "4015001010329",
    "name": "Dunkelblond",
    "hexcolor": "#62442f",
    "guid": "BCC-16641_20181022_DYE_30_01",
    "productseries": 8041766
  },
  {
    "id": 55,
    "ean": "4015001010220",
    "name": "Red Chestnut",
    "hexcolor": "#240013",
    "guid": "BCC-16641_20181022_DYE_32_01",
    "productseries": 8041766
  },
  {
    "id": 56,
    "ean": "4015001010367",
    "name": "Schokobraun",
    "hexcolor": "#190006",
    "guid": "BCC-16641_20181022_DYE_33_01",
    "productseries": 8041766
  },
  {
    "id": 57,
    "ean": "4015001010350",
    "name": "Light Ash blond",
    "hexcolor": "#ffcfab",
    "guid": "BCC-16641_20181022_DYE_34_01",
    "productseries": 8041766
  },
  {
    "id": 58,
    "ean": "4015001010152",
    "name": "Honeyblonde",
    "hexcolor": "#e4ac8c",
    "guid": "BCC-16641_20181022_DYE_35_01",
    "productseries": 8041766
  },
  {
    "id": 59,
    "ean": "4015000933339",
    "name": "Schwarz",
    "hexcolor": "#060012",
    "guid": "BCC-16641_20181023_DYE_01_01",
    "productseries": 8043550
  },
  {
    "id": 60,
    "ean": "4015000933254",
    "name": "Dunkles Rotbrau",
    "hexcolor": "#220006",
    "guid": "BCC-16641_20181023_DYE_02_01",
    "productseries": 8043550
  },
  {
    "id": 61,
    "ean": "4015000934121",
    "name": "Dunkelbraun",
    "hexcolor": "#0c0010",
    "guid": "BCC-16641_20181023_DYE_03_01",
    "productseries": 8043550
  },
  {
    "id": 62,
    "ean": "4015000933308",
    "name": "Schokobraun",
    "hexcolor": "#190006",
    "guid": "BCC-16641_20181023_DYE_04_01",
    "productseries": 8043550
  },
  {
    "id": 63,
    "ean": "4015000933261",
    "name": "Mittelbraun",
    "hexcolor": "#12000a",
    "guid": "BCC-16641_20181023_DYE_05_01",
    "productseries": 8043550
  },
  {
    "id": 64,
    "ean": "4015000933360",
    "name": "Mittelblond",
    "hexcolor": "#5c3d29",
    "guid": "BCC-16641_20181023_DYE_06_01",
    "productseries": 8043550
  },
  {
    "id": 65,
    "ean": "4015000985383",
    "name": "Hellblond",
    "hexcolor": "#ba9a79",
    "guid": "BCC-16641_20181023_DYE_07_01",
    "productseries": 8038383
  },
  {
    "id": 66,
    "ean": "4015000983044",
    "name": "Mittelblond",
    "hexcolor": "#7a604f",
    "guid": "BCC-16641_20181023_DYE_08_01",
    "productseries": 8038383
  },
  {
    "id": 67,
    "ean": "4015000983037",
    "name": "Mittelaschblond",
    "hexcolor": "#ac8d6e",
    "guid": "BCC-16641_20181023_DYE_09_01",
    "productseries": 8038383
  },
  {
    "id": 68,
    "ean": "4015000983006",
    "name": "dark blonde",
    "hexcolor": "#644a3d",
    "guid": "BCC-16641_20181023_DYE_10_01",
    "productseries": 8038383
  },
  {
    "id": 69,
    "ean": "4015000982993",
    "name": "Haselnuss",
    "hexcolor": "#240a12",
    "guid": "BCC-16641_20181023_DYE_11_01",
    "productseries": 8038383
  },
  {
    "id": 70,
    "ean": "4015000983013",
    "name": "Hellbraun",
    "hexcolor": "#371e23",
    "guid": "BCC-16641_20181023_DYE_12_01",
    "productseries": 8038383
  },
  {
    "id": 71,
    "ean": "4015000982986",
    "name": "Mittelbraun",
    "hexcolor": "#24121c",
    "guid": "BCC-16641_20181023_DYE_13_01",
    "productseries": 8038383
  },
  {
    "id": 72,
    "ean": "4015000983075",
    "name": "Dunkelbraun",
    "hexcolor": "#190818",
    "guid": "BCC-16641_20181023_DYE_14_01",
    "productseries": 8038383
  },
  {
    "id": 73,
    "ean": "4015000983068",
    "name": "Schokobraun",
    "hexcolor": "#210314",
    "guid": "BCC-16641_20181023_DYE_15_01",
    "productseries": 8038383
  },
  {
    "id": 74,
    "ean": "4015000983099",
    "name": "Schwarz",
    "hexcolor": "#030012",
    "guid": "BCC-16641_20181023_DYE_16_01",
    "productseries": 8038383
  },
  {
    "id": 75,
    "ean": "4015000983082",
    "name": "Silberblond",
    "hexcolor": "#e4b895",
    "guid": "BCC-16641_20181023_DYE_17_01",
    "productseries": 8038383
  },
  {
    "id": 76,
    "ean": "4015000211116",
    "name": "light blonde",
    "hexcolor": "#e8ba9a",
    "guid": "BCC-16641_20181023_DYE_18_01",
    "productseries": 8038383
  },
  {
    "id": 77,
    "ean": "4015000211154",
    "name": "medium blonde",
    "hexcolor": "#836350",
    "guid": "BCC-16641_20181023_DYE_19_01",
    "productseries": 8038383
  },
  {
    "id": 78,
    "ean": "4015000211161",
    "name": "medium brown",
    "hexcolor": "#210009",
    "guid": "BCC-16641_20181023_DYE_20_01",
    "productseries": 8038383
  },
  {
    "id": 79,
    "ean": "4015000211208",
    "name": "Kastanie",
    "hexcolor": "#26000d",
    "guid": "BCC-16641_20181023_DYE_21_01",
    "productseries": 8038383
  },
  {
    "id": 80,
    "ean": "4015000211222",
    "name": "dark blonde",
    "hexcolor": "#694438",
    "guid": "BCC-16641_20181023_DYE_22_01",
    "productseries": 8038383
  },
  {
    "id": 81,
    "ean": "4015000211239",
    "name": "light brown",
    "hexcolor": "#371819",
    "guid": "BCC-16641_20181023_DYE_23_01",
    "productseries": 8038383
  },
  {
    "id": 82,
    "ean": "4015000211246",
    "name": "dark brown",
    "hexcolor": "#13000D",
    "guid": "BCC-16641_20181023_DYE_24_01",
    "productseries": 8038383
  },
  {
    "id": 83,
    "ean": "4015000834896",
    "name": "Schokobraun",
    "hexcolor": "#1e000a",
    "guid": "BCC-16641_20181023_DYE_25_01",
    "productseries": 8038383
  },
  {
    "id": 84,
    "ean": "4015000529143",
    "name": "light brown",
    "hexcolor": "#301919",
    "guid": "BCC-16641_20181023_DYE_26_01",
    "productseries": 8043547
  },
  {
    "id": 85,
    "ean": "4015000529150",
    "name": "Mittelbraun",
    "hexcolor": "#1f0e18",
    "guid": "BCC-16641_20181023_DYE_27_01",
    "productseries": 8043547
  },
  {
    "id": 86,
    "ean": "4015000529167",
    "name": "dark brown",
    "hexcolor": "#11000d",
    "guid": "BCC-16641_20181023_DYE_28_01",
    "productseries": 8043547
  },
  {
    "id": 87,
    "ean": "4015000529181",
    "name": "Schwarz",
    "hexcolor": "#0c0010",
    "guid": "BCC-16641_20181023_DYE_29_01",
    "productseries": 8043547
  }
]