<?xml version="1.0" encoding="UTF-8"?>
<jcr:root xmlns:cq="http://www.day.com/jcr/cq/1.0" xmlns:jcr="http://www.jcp.org/jcr/1.0" xmlns:nt="http://www.jcp.org/jcr/nt/1.0"
    jcr:primaryType="cq:Dialog"
    width="{Long}600"
    title="Base Component"
    xtype="dialog">
    <items jcr:primaryType="cq:WidgetCollection">
        <tabs jcr:primaryType="cq:TabPanel">
            <items jcr:primaryType="cq:WidgetCollection">
                <tab1 jcr:primaryType="cq:Widget"
                      anchor="100%"
                      title="Card Options"
                      xtype="panel">
                    <items jcr:primaryType="cq:WidgetCollection">
                        <actionCode
                                jcr:primaryType="cq:Widget"
                                fieldDescription=""
                                fieldLabel="actionCode"
                                name="./actionCode"
                                xtype="textfield"/> 
                    </items>
                </tab1>
            </items>
        </tabs>
    </items>

</jcr:root>
