<?xml version="1.0" encoding="UTF-8"?>
<jcr:root xmlns:sling="http://sling.apache.org/jcr/sling/1.0" xmlns:cq="http://www.day.com/jcr/cq/1.0" xmlns:jcr="http://www.jcp.org/jcr/1.0" xmlns:nt="http://www.jcp.org/jcr/nt/1.0"
          jcr:primaryType="nt:unstructured"
          sling:resourceType="cq/gui/components/authoring/dialog">

    <content
            jcr:primaryType="nt:unstructured"
            sling:resourceType="granite/ui/components/coral/foundation/tabs">
        <items jcr:primaryType="nt:unstructured">
            <imagetab
                    jcr:primaryType="nt:unstructured"
                    jcr:title="Image"
                    sling:resourceType="granite/ui/components/coral/foundation/fixedcolumns">
                <items jcr:primaryType="nt:unstructured">
                    <column
                            jcr:primaryType="nt:unstructured"
                            sling:resourceType="granite/ui/components/foundation/container">
                        <items jcr:primaryType="nt:unstructured">
                            <image
                                    jcr:primaryType="nt:unstructured"
                                    sling:resourceType="granite/ui/components/foundation/form/fileupload"
                                    allowFileReference="{Boolean}true"
                                    allowUpload="{Boolean}false"
                                    mimeTypes="[image]"
                                    fileNameParameter="./image/fileName"
                                    fileReferenceParameter="./image/fileReference"
                                    name="./image/file"
                                    title="Image"
                                    uploadUrl="/tmp/upload_test/*"
                                    useHTML5="{Boolean}true"
                                    hideLabel="{Boolean}true"
                                    disableZoom="{Boolean}true"/>
                        </items>
                    </column>
                </items>
            </imagetab>
            <tab2
                    jcr:primaryType="nt:unstructured"
                    jcr:title="imageproperties_dlgtab"
                    sling:resourceType="granite/ui/components/coral/foundation/fixedcolumns">
                <items jcr:primaryType="nt:unstructured">
                <column
                        jcr:primaryType="nt:unstructured"
                        sling:resourceType="granite/ui/components/foundation/container">
                    <items jcr:primaryType="nt:unstructured">
                        <imgalt
                                jcr:primaryType="nt:unstructured"
                                sling:resourceType="granite/ui/components/foundation/form/textfield"
                                fieldLabel="imageproperties_alttext_dlglabel"
                                name="./imageprops/alt"/>
                        <imgtitle
                                jcr:primaryType="nt:unstructured"
                                sling:resourceType="granite/ui/components/foundation/form/textfield"
                                fieldLabel="imageproperties_title_dlglabel"
                                name="./imageprops/title"/>
                    </items>
                </column>
                </items>
            </tab2>
            <tab3
                    jcr:primaryType="nt:unstructured"
                    jcr:title="Text"
                    sling:resourceType="granite/ui/components/coral/foundation/fixedcolumns">
                <items jcr:primaryType="nt:unstructured">
                    <column
                            jcr:primaryType="nt:unstructured"
                            sling:resourceType="granite/ui/components/foundation/container">
                    <items jcr:primaryType="nt:unstructured">
                        <richtext
                                jcr:primaryType="nt:unstructured"
                                sling:resourceType="granite/ui/components/foundation/include"
                                path="/apps/base/dialogs/elements/richtext/cq:dialog/content/items/richtext">
                        </richtext>
                    </items>
                    </column>
                </items>
            </tab3>
        </items>
    </content>
</jcr:root>
