<?xml version="1.0" encoding="UTF-8"?>
<jcr:root xmlns:cq="http://www.day.com/jcr/cq/1.0" xmlns:jcr="http://www.jcp.org/jcr/1.0" xmlns:nt="http://www.jcp.org/jcr/nt/1.0"
    jcr:primaryType="cq:Dialog"
    activeTab="0"
    allowBlank="{Boolean}false"
    disabled="{Boolean}false"
    fileName="embed_dialog.xml"
    hideLabel="{Boolean}false"
    title="Choicify Coloration Path"
    xtype="dialog">
    <items jcr:primaryType="cq:WidgetCollection">
        <tabs jcr:primaryType="cq:TabPanel">
            <items jcr:primaryType="cq:WidgetCollection">
                <ColorationPath
                    jcr:primaryType="cq:Widget"
                    title="Choicify Coloration Path">
                    <items jcr:primaryType="cq:WidgetCollection">
                        <naturalHairColor
                            jcr:primaryType="cq:Widget"
                            allowBlank="{Boolean}true"
                            disabled="{Boolean}false"
                            displayTitles="{Boolean}false"
                            fieldLabel="Natural Hair Color"
                            hideLabel="{Boolean}false"
                            name="./naturalHairColor"
                            xtype="tags">
                            <namespaces jcr:primaryType="cq:WidgetCollection">
                                <namespace0
                                    jcr:primaryType="nt:unstructured"
                                    maximum="1"
                                    name="choicify"/>
                            </namespaces>
                        </naturalHairColor>
                        <naturalHairShade
                            jcr:primaryType="cq:Widget"
                            allowBlank="{Boolean}true"
                            disabled="{Boolean}false"
                            displayTitles="{Boolean}false"
                            fieldLabel="Natural Hair Shade"
                            hideLabel="{Boolean}false"
                            name="./naturalHairShade"
                            xtype="tags">
                            <namespaces jcr:primaryType="cq:WidgetCollection">
                                <namespace0
                                    jcr:primaryType="nt:unstructured"
                                    maximum="1"
                                    name="choicify"/>
                            </namespaces>
                        </naturalHairShade>
                        <targetHairColors
                            jcr:primaryType="cq:Widget"
                            allowBlank="{Boolean}true"
                            disabled="{Boolean}false"
                            displayTitles="{Boolean}false"
                            fieldLabel="Target Hair Color"
                            hideLabel="{Boolean}false"
                            name="./targetHairColor"
                            xtype="tags">
                            <namespaces jcr:primaryType="cq:WidgetCollection">
                                <namespace0
                                    jcr:primaryType="nt:unstructured"
                                    maximum="1"
                                    name="choicify"/>
                            </namespaces>
                        </targetHairColors>
                        <targetHairShade
                            jcr:primaryType="cq:Widget"
                            allowBlank="{Boolean}true"
                            disabled="{Boolean}false"
                            displayTitles="{Boolean}false"
                            fieldLabel="Target Hair Shade"
                            hideLabel="{Boolean}false"
                            name="./targetHairShade"
                            xtype="tags">
                            <namespaces jcr:primaryType="cq:WidgetCollection">
                                <namespace0
                                    jcr:primaryType="nt:unstructured"
                                    maximum="1"
                                    name="choicify"/>
                            </namespaces>
                        </targetHairShade>
                    </items>
                </ColorationPath>
            </items>
        </tabs>
    </items>
</jcr:root>
