<?xml version="1.0" encoding="UTF-8"?>
<jcr:root 
    xmlns:cq="http://www.day.com/jcr/cq/1.0" 
    xmlns:jcr="http://www.jcp.org/jcr/1.0"
    jcr:primaryType="cq:Dialog"
    xtype="dialog">
    <items 
        jcr:primaryType="cq:Widget"
        xtype="tabpanel">
        <items 
            jcr:primaryType="cq:WidgetCollection">
            <general 
                jcr:primaryType="cq:Panel" 
                title="General">
                <items 
                    jcr:primaryType="cq:WidgetCollection">
                    <title 
                        jcr:primaryType="cq:Widget" 
                        allowBlank="true" 
                        disabled="false" 
                        fieldLabel="Title" 
                        hideLabel="false" 
                        name="./jcr:title" 
                        xtype="textfield"/>
                    <teaserText 
                        jcr:primaryType="cq:Widget" 
                        allowBlank="true" 
                        disabled="false" 
                        fieldDescription="Teaser text describing the product briefly (e.g. in the productline overview)" 
                        fieldLabel="Short description" 
                        hideLabel="false" 
                        name="./teaserText" 
                        xtype="textarea"/>
                    <productPagePath 
                        jcr:primaryType="cq:Widget" 
                        allowBlank="true" 
                        disabled="false" 
                        escapeAmp="false" 
                        fieldDescription="Path of the product detail page which is presenting this product" 
                        fieldLabel="Product page" 
                        hideLabel="false" 
                        hideTrigger="false" 
                        name="./productPagePath" 
                        parBrowse="false" 
                        rootPath="/content"
                        rootTitle="Websites" 
                        showTitleInTree="true" 
                        xtype="pathfield"/>
                </items>
            </general>
            <meta 
                jcr:primaryType="cq:Panel" 
                title="Meta">
                <items 
                    jcr:primaryType="cq:WidgetCollection">
                    <shadeNumber 
                        jcr:primaryType="cq:Widget" 
                        allowBlank="true" 
                        disabled="false" 
                        fieldDescription="Shade number for colorations (e.g. 842 or 10.19)" 
                        fieldLabel="Shade Number" 
                        hideLabel="false" 
                        name="./shadeNumber" 
                        xtype="textfield"/>
                    <gtin 
                        jcr:primaryType="cq:Widget" 
                        allowBlank="true" 
                        allowDecimals="false" 
                        allowNegative="false" 
                        fieldDescription="GTIN (14 digits or shorter, e.g. EAN-13/8 or UPC)" 
                        fieldLabel="GTIN" 
                        hideLabel="false" 
                        maxLength="14" 
                        name="./gtin" 
                        xtype="numberfield"/>
                    <asin 
                        jcr:primaryType="cq:Widget" 
                        allowBlank="true" 
                        fieldDescription="Amazon Standard Idenfication Number" 
                        fieldLabel="ASIN" 
                        hideLabel="false" 
                        name="./asin" 
                        xtype="textfield"/>
                    <tags 
                        jcr:primaryType="cq:Widget" 
                        allowBlank="true" 
                        disabled="false" 
                        displayTitles="false" 
                        fieldLabel="Tags" 
                        hideLabel="false" 
                        name="./tags" 
                        xtype="tags">
                        <namespaces jcr:primaryType="cq:WidgetCollection">
                            <namespace0 jcr:primaryType="nt:unstructured" name="schwarzkopf"/>
                        </namespaces>
                    </tags>
                </items>
            </meta>
            <packshot 
                jcr:primaryType="cq:Widget"
                allowFileReference="true"
                allowUpload="false"
                ddAccept="[image/(gif|jpeg|png|jpg|pjpeg)]"
                ddGroups="[media]"
                fileNameParameter="./packshot/fileName"
                fileReferenceParameter="./packshot/fileReference"
                name="./packshot/file"
                disableZoom="{Boolean}true"
                hideLabel="{Boolean}true"
                title="Packshot"
                uploadUrl="/tmp/upload_test/*"
                xtype="html5smartimage" />
            <shade 
                jcr:primaryType="cq:Widget"
                allowFileReference="true"
                allowUpload="false"
                ddAccept="[image/(gif|jpeg|png|jpg|pjpeg)]"
                ddGroups="[media]"
                fileNameParameter="./shade/fileName"
                fileReferenceParameter="./shade/fileReference"
                name="./shade/file"
                disableZoom="{Boolean}true"
                hideLabel="{Boolean}true"
                title="Shade"
                uploadUrl="/tmp/upload_test/*"
                xtype="html5smartimage" />
            <colorationpath 
                jcr:primaryType="cq:Panel" 
                title="Color Paths">
                <items 
                    jcr:primaryType="cq:WidgetCollection">
                    <colorpaths
                        jcr:primaryType="cq:Widget"
                        hideLabel="{Boolean}true"
                        itemDialog="/apps/schwarzkopf_v2/components/product/embed_dialog.infinity.json"
                        itemNameProperty="natural"
                        itemStorageNode="colorationPaths"
                        name="./colorationsPaths"
                        xtype="genericmultifield"/>
                </items>
            </colorationpath>
            <choicifyapplication
                jcr:primaryType="cq:Panel"
                title="Choicify Application">
                <items jcr:primaryType="cq:WidgetCollection">
                    <choicifycolorpaths
                        jcr:primaryType="cq:Widget"
                        collapsed="{Boolean}true"
                        collapsible="{Boolean}true"
                        id="cq-pageprops-choicify-colorpaths"
                        title="Choicify Color Paths"
                        xtype="dialogfieldset">
                        <items jcr:primaryType="cq:WidgetCollection">
                            <colorpaths
                                jcr:primaryType="cq:Widget"
                                hideLabel="{Boolean}true"
                                itemDialog="/apps/schwarzkopf_v2/components/product/choicify_embed_dialog.infinity.json"
                                itemNameProperty="naturalHairColor"
                                itemStorageNode="choicify/colorationPaths"
                                name="./choicify/colorationPaths"
                                xtype="genericmultifield"/>
                        </items>
                    </choicifycolorpaths>
                    <choiciyfilters
                        jcr:primaryType="cq:Widget"
                        collapsed="{Boolean}true"
                        collapsible="{Boolean}true"
                        id="cq-pageprops-choicify-filters"
                        title="Choicify Filters"
                        xtype="dialogfieldset">
                        <items jcr:primaryType="cq:WidgetCollection">
                            <brands
                                jcr:primaryType="cq:Widget"
                                cls="cq-propsdialog-tags-choicify-brand"
                                fieldLabel="Brands"
                                name="./choicify/filters/brand"
                                xtype="tags">
                                <namespaces jcr:primaryType="cq:WidgetCollection">
                                    <namespace0
                                        jcr:primaryType="nt:unstructured"
                                        maximum="1"
                                        name="choicify"/>
                                </namespaces>
                            </brands>
                            <newproduct
                                jcr:primaryType="cq:Widget"
                                cls="cq-propsdialog-tags-choicify-newproduct"
                                fieldLabel="New Product"
                                name="./choicify/filters/newProduct"
                                xtype="tags">
                                <namespaces jcr:primaryType="cq:WidgetCollection">
                                    <namespace0
                                        jcr:primaryType="nt:unstructured"
                                        maximum="1"
                                        name="choicify"/>
                                </namespaces>
                            </newproduct>
                            <typeofcolor
                                jcr:primaryType="cq:Widget"
                                cls="cq-propsdialog-tags-choicify-typeofcolor"
                                fieldLabel="Type Of Color"
                                name="./choicify/filters/typeOfColor"
                                xtype="tags">
                                <namespaces jcr:primaryType="cq:WidgetCollection">
                                    <namespace0
                                        jcr:primaryType="nt:unstructured"
                                        maximum="1"
                                        name="choicify"/>
                                </namespaces>
                            </typeofcolor>
                            <discount
                                jcr:primaryType="cq:Widget"
                                cls="cq-propsdialog-tags-choicify-discount"
                                fieldLabel="Discount"
                                name="./choicify/filters/discount"
                                xtype="tags">
                                <namespaces jcr:primaryType="cq:WidgetCollection">
                                    <namespace0
                                        jcr:primaryType="nt:unstructured"
                                        maximum="1"
                                        name="choicify"/>
                                </namespaces>
                            </discount>
                            <durability
                                jcr:primaryType="cq:Widget"
                                cls="cq-propsdialog-tags-choicify-durability"
                                fieldLabel="Durability"
                                name="./choicify/filters/durability"
                                xtype="tags">
                                <namespaces jcr:primaryType="cq:WidgetCollection">
                                    <namespace0
                                        jcr:primaryType="nt:unstructured"
                                        maximum="1"
                                        name="choicify"/>
                                </namespaces>
                            </durability>
                        </items>
                    </choiciyfilters>
					<productdetail
                        jcr:primaryType="cq:Widget"
                        collapsed="{Boolean}true"
                        collapsible="{Boolean}true"
                        id="cq-pageprops-choicify-productdetails"
                        title="Choicify Product Details"
                        xtype="dialogfieldset">
                        <items jcr:primaryType="cq:WidgetCollection">
                            <retailsPrice
                                jcr:primaryType="cq:Widget"
                                cls="cq-propsdialog-choicify-productdetails"
                                fieldLabel="Suggested retail price"
                                name="./choicify/productdetails/suggestedRetailsPrice"
                                type="checkbox"
                                inputValue="{Boolean}true"
                                xtype="selection">
                            </retailsPrice>
							 <selectedStoreOnly
                                jcr:primaryType="cq:Widget"
                                cls="cq-propsdialog-choicify-selectedstoreonly"
                                fieldLabel="Only in selected stores"
                                name="./choicify/productdetails/selectedStoreOnly"
                                type="checkbox"
                                inputValue="{Boolean}true"
                                xtype="selection">
                            </selectedStoreOnly>            
                        </items>
                    </productdetail>
                </items>
            </choicifyapplication>
        </items>
    </items>
</jcr:root>