<?xml version="1.0" encoding="UTF-8"?>
<jcr:root 
    xmlns:cq="http://www.day.com/jcr/cq/1.0" 
    xmlns:jcr="http://www.jcp.org/jcr/1.0"
    jcr:primaryType="cq:Dialog"
    height="500"
    width="550"
    xtype="dialog">
    <items
        jcr:primaryType="nt:unstructured"
        activeTab="0"
        xtype="tabpanel">
        <items jcr:primaryType="cq:WidgetCollection">
            <image
                jcr:primaryType="cq:Widget"
                path="/apps/base/dialogs/tabs/classic/image.infinity.json"
                xtype="cqinclude" />
            <imageprops
                jcr:primaryType="cq:Widget"
                path="/apps/base/dialogs/tabs/classic/image_properties.infinity.json"
                xtype="cqinclude" />
            <mediumImage
                    jcr:primaryType="cq:Widget"
                    allowFileReference="true"
                    allowUpload="false"
                    ddAccept="[image/(gif|jpeg|png|jpg|pjpeg)]"
                    ddGroups="[media]"
                    disableZoom="{Boolean}true"
                    fileNameParameter="./mediumImage/fileName"
                    fileReferenceParameter="./mediumImage/fileReference"
                    hideLabel="{Boolean}true"
                    name="./mediumImage/file"
                    title="Medium Visual (1500w)"
                    uploadUrl="/tmp/upload_test/*"
                    xtype="html5smartimage"/>
            <smallImage
                    jcr:primaryType="cq:Widget"
                    allowFileReference="true"
                    allowUpload="false"
                    ddAccept="[image/(gif|jpeg|png|jpg|pjpeg)]"
                    ddGroups="[media]"
                    disableZoom="{Boolean}true"
                    fileNameParameter="./smallImage/fileName"
                    fileReferenceParameter="./smallImage/fileReference"
                    hideLabel="{Boolean}true"
                    name="./smallImage/file"
                    title="Small Image (750w)"
                    uploadUrl="/tmp/upload_test/*"
                    xtype="html5smartimage"/>
            <packshot
                    jcr:primaryType="cq:Widget"
                    allowFileReference="true"
                    allowUpload="false"
                    ddAccept="[image/(gif|jpeg|png|jpg|pjpeg)]"
                    ddGroups="[media]"
                    disableZoom="{Boolean}true"
                    fileNameParameter="./packshot/fileName"
                    fileReferenceParameter="./packshot/fileReference"
                    hideLabel="{Boolean}true"
                    name="./packshot/file"
                    title="Packshot"
                    uploadUrl="/tmp/upload_test/*"
                    xtype="html5smartimage"/>
            <additional
                jcr:primaryType="cq:Widget"
                title="Additional settings"
                xtype="panel">
                <items jcr:primaryType="cq:WidgetCollection">
                    <title
                            jcr:primaryType="cq:Widget"
                            fieldDescription="Additional title above the image"
                            fieldLabel="Title"
                            name="./title"
                            xtype="textfield"/>
                    <imagealign
                            jcr:primaryType="cq:Widget"
                            fieldLabel="Image alignment"
                            fieldDescription="Select where the image should be aligned when resizing the browser window (e.g. 'left' will cut off image from the right first)"
                            name="./imageAlignment"
                            type="select"
                            xtype="selection">
                                <options
                                        jcr:primaryType="cq:WidgetCollection">
                                    <default
                                            jcr:primaryType="nt:unstructured"
                                            text="Standard (Centered)"
                                            value="" />
                                    <center
                                            jcr:primaryType="nt:unstructured"
                                            text="Center"
                                            value="center" />
                                    <left
                                            jcr:primaryType="nt:unstructured"
                                            text="Left"
                                            value="left" />
                                    <right
                                            jcr:primaryType="nt:unstructured"
                                            text="Right"
                                            value="right" />
                                </options>
                    </imagealign>
                </items>
            </additional>
        </items>
    </items>
</jcr:root>
