<?xml version="1.0" encoding="UTF-8"?>
<jcr:root xmlns:cq="http://www.day.com/jcr/cq/1.0" xmlns:jcr="http://www.jcp.org/jcr/1.0" xmlns:nt="http://www.jcp.org/jcr/nt/1.0"
    jcr:primaryType="cq:Dialog"
    activeTab="0"
    allowBlank="{Boolean}false"
    disabled="{Boolean}false"
    fileName="embed_dialog.xml"
    hideLabel="{Boolean}false"
    title="Visual Slider"
    xtype="dialog">
    <items jcr:primaryType="cq:WidgetCollection">
        <tabs jcr:primaryType="cq:TabPanel">
            <items jcr:primaryType="cq:WidgetCollection">
                <General
                    jcr:primaryType="cq:Widget"
                    title="General">
                    <items jcr:primaryType="cq:WidgetCollection">
                        <title
                            jcr:primaryType="cq:Widget"
                            allowBlank="{Boolean}true"
                            disabled="{Boolean}false"
                            fieldDescription="Title of this stage item"
                            fieldLabel="Title"
                            hideLabel="{Boolean}false"
                            name="./jcr:title"
                            xtype="textfield"/>
                        <internalLink
                            jcr:primaryType="cq:Widget"
                            allowBlank="{Boolean}true"
                            disabled="{Boolean}false"
                            escapeAmp="{Boolean}false"
                            fieldDescription="Select an internal page here to teaser it on the stage"
                            fieldLabel="Internal Link"
                            hideLabel="{Boolean}false"
                            hideTrigger="{Boolean}false"
                            name="./internalLink"
                            parBrowse="{Boolean}false"
                            rootPath="/content"
                            rootTitle="Websites"
                            showTitleInTree="{Boolean}true"
                            xtype="pathfield"/>
                        <externalLink
                            jcr:primaryType="cq:Widget"
                            allowBlank="{Boolean}true"
                            disabled="{Boolean}false"
                            fieldDescription="Use this to have the entry point to an external site"
                            fieldLabel="External Link"
                            hideLabel="{Boolean}false"
                            name="./externalLink"
                            xtype="textfield"/>
                        <alignment
                            jcr:primaryType="cq:Widget"
                            allowBlank="{Boolean}true"
                            disabled="{Boolean}false"
                            fieldDescription="Determines how the image is cropped when changing viewport sizes"
                            fieldLabel="Image alignment"
                            hideLabel="{Boolean}false"
                            name="./alignment"
                            type="radio"
                            xtype="selection">
                            <options jcr:primaryType="cq:WidgetCollection">
                                <option0
                                    jcr:primaryType="nt:unstructured"
                                    text="Left"
                                    value="left"/>
                                <option1
                                    jcr:primaryType="nt:unstructured"
                                    text="Center"
                                    value="center"/>
                            </options>
                        </alignment>
                        <overlayAlignmentClass
                            jcr:primaryType="cq:Widget"
                            allowBlank="{Boolean}true"
                            disabled="{Boolean}false"
                            fieldDescription="Alignment of overlay image"
                            fieldLabel="Overlay position"
                            hideLabel="{Boolean}false"
                            name="./overlayAlignmentClass"
                            type="radio"
                            xtype="selection">
                            <options jcr:primaryType="cq:WidgetCollection">
                                <option0
                                    jcr:primaryType="nt:unstructured"
                                    text="Left"
                                    value="left"/>
                                <option1
                                    jcr:primaryType="nt:unstructured"
                                    text="Centered"
                                    value="center"/>
                                <option2
                                    jcr:primaryType="nt:unstructured"
                                    text="Right"
                                    value="right"/>
                            </options>
                        </overlayAlignmentClass>
                    </items>
                </General>
                <image
                    jcr:primaryType="cq:Widget"
                    allowBlank="{Boolean}true"
                    allowUpload="{Boolean}false"
                    ddGroups="[media]"
                    disabled="{Boolean}false"
                    disableFlush="{Boolean}false"
                    disableInfo="{Boolean}false"
                    disableZoom="{Boolean}false"
                    fieldLabel="Large Image"
                    fileNameParameter="./image/fileName"
                    fileReferenceParameter="./image/fileReference"
                    hideLabel="{Boolean}false"
                    label="Large Image"
                    name="./image/file"
                    requestSuffix=""
                    tab="{Boolean}true"
                    title="Large Image"
                    uploadUrl="/tmp/upload/*"
                    xtype="html5smartimage"/>
                <thumbnail
                    jcr:primaryType="cq:Widget"
                    allowBlank="{Boolean}true"
                    allowUpload="{Boolean}false"
                    ddGroups="[media]"
                    disabled="{Boolean}false"
                    disableFlush="{Boolean}false"
                    disableInfo="{Boolean}false"
                    disableZoom="{Boolean}false"
                    fieldLabel="Thumbnail"
                    fileNameParameter="./thumbnail/fileName"
                    fileReferenceParameter="./thumbnail/fileReference"
                    hideLabel="{Boolean}false"
                    label="Thumbnail"
                    name="./thumbnail/file"
                    requestSuffix=""
                    tab="{Boolean}true"
                    title="Thumbnail"
                    uploadUrl="/tmp/upload/*"
                    xtype="html5smartimage"/>
                <overlay
                    jcr:primaryType="cq:Widget"
                    allowBlank="{Boolean}true"
                    allowUpload="{Boolean}false"
                    ddGroups="[media]"
                    disabled="{Boolean}false"
                    disableFlush="{Boolean}false"
                    disableInfo="{Boolean}false"
                    disableZoom="{Boolean}false"
                    fieldLabel="Overlay"
                    fileNameParameter="./overlay/fileName"
                    fileReferenceParameter="./overlay/fileReference"
                    hideLabel="{Boolean}false"
                    label="Overlay"
                    name="./overlay/file"
                    requestSuffix=""
                    tab="{Boolean}true"
                    title="Overlay"
                    uploadUrl="/tmp/upload/*"
                    xtype="html5smartimage"/>
            </items>
        </tabs>
    </items>
</jcr:root>
