<?xml version="1.0" encoding="UTF-8"?>
<jcr:root xmlns:sling="http://sling.apache.org/jcr/sling/1.0" xmlns:cq="http://www.day.com/jcr/cq/1.0"
          xmlns:jcr="http://www.jcp.org/jcr/1.0" xmlns:nt="http://www.jcp.org/jcr/nt/1.0"
          jcr:primaryType="nt:unstructured"
          jcr:title="Login Config"
          sling:resourceType="cq/gui/components/authoring/dialog">
    <content
            jcr:primaryType="nt:unstructured"
            sling:resourceType="granite/ui/components/foundation/container">
        <items jcr:primaryType="nt:unstructured">
            <tabs
                    jcr:primaryType="nt:unstructured"
                    sling:resourceType="granite/ui/components/foundation/container">
                <layout
                        jcr:primaryType="nt:unstructured"
                        sling:resourceType="granite/ui/components/foundation/layouts/tabs"
                        type="nav"/>
                <items jcr:primaryType="nt:unstructured">
                    <register
                            jcr:primaryType="nt:unstructured"
                            sling:resourceType="granite/ui/components/foundation/container"
                            jcr:title="Login Config">
                        <items jcr:primaryType="nt:unstructured">
                            <headline
                                    jcr:primaryType="nt:unstructured"
                                    sling:resourceType="granite/ui/components/foundation/form/textfield"
                                    fieldLabel="Headline"
                                    name="./headline"/>
                            <submittext
                                    jcr:primaryType="nt:unstructured"
                                    sling:resourceType="granite/ui/components/foundation/form/textfield"
                                    fieldLabel="SignUp Text"
                                    name="./submitText"/>
                            <richtext
                                    jcr:primaryType="nt:unstructured"
                                    sling:resourceType="cq/gui/components/authoring/dialog/richtext"
                                    sling:resourceSuperType="/apps/base/dialogs/elements/richtextintroblock/cq:dialog/content/items/richtext"
                                    fieldLabel="Richtext"
                                    name="./richtext"
                                    useFixedInlineToolbar="{Boolean}true"/>
                            <newslettertText
                                    jcr:primaryType="nt:unstructured"                           
                                    sling:resourceType="cq/gui/components/authoring/dialog/richtext"
                                    sling:resourceSuperType="/apps/base/dialogs/elements/richtextintroblock/cq:dialog/content/items/richtext"
                                    name="./newslettertText"
                                    fieldLabel="Newsletter"
                                    useFixedInlineToolbar="{Boolean}true">
                            </newslettertText>
                            <termstext
                                    jcr:primaryType="nt:unstructured"
                                    sling:resourceType="cq/gui/components/authoring/dialog/richtext"
                                    sling:resourceSuperType="/apps/base/dialogs/elements/richtextintroblock/cq:dialog/content/items/richtext"
                                    fieldLabel="Terms"
                                    name="./termsText"
                                    useFixedInlineToolbar="{Boolean}true"/>                            
                            <accounttext
                                    jcr:primaryType="nt:unstructured"  
                                    sling:resourceType="cq/gui/components/authoring/dialog/richtext"                                  
                                    sling:resourceSuperType="/apps/base/dialogs/elements/richtextintroblock/cq:dialog/content/items/richtext"
                                    fieldLabel="Login Text"
                                    name="./accounText"
                                    useFixedInlineToolbar="{Boolean}true"/>
                            <policyerrortext
                                    jcr:primaryType="nt:unstructured"
                                    sling:resourceType="granite/ui/components/foundation/form/textfield"
                                    fieldLabel="Policy Error Message"
                                    name="./policyErrorMessage"/>
                            <policytext
                                    jcr:primaryType="nt:unstructured"
                                    sling:resourceType="cq/gui/components/authoring/dialog/richtext"
                                    sling:resourceSuperType="/apps/base/dialogs/elements/richtextintroblock/cq:dialog/content/items/richtext"
                                    fieldLabel="Policy"
                                    name="./policyText"
                                    useFixedInlineToolbar="{Boolean}true"/>
                        </items>
                    </register>
                </items>
            </tabs>
        </items>
    </content>
</jcr:root>
