<?xml version="1.0" encoding="UTF-8"?>
<jcr:root xmlns:sling="http://sling.apache.org/jcr/sling/1.0" xmlns:cq="http://www.day.com/jcr/cq/1.0" xmlns:jcr="http://www.jcp.org/jcr/1.0" xmlns:nt="http://www.jcp.org/jcr/nt/1.0"
    jcr:primaryType="nt:unstructured"
    jcr:title="Cookie Note"
    sling:resourceType="cq/gui/components/authoring/dialog">
    <content
        jcr:primaryType="nt:unstructured"
        sling:resourceType="granite/ui/components/coral/foundation/container">
        <layout
            jcr:primaryType="nt:unstructured"
            sling:resourceType="granite/ui/components/coral/foundation/layouts/fixedcolumns"/>
        <items jcr:primaryType="nt:unstructured">
            <column
                jcr:primaryType="nt:unstructured"
                sling:resourceType="granite/ui/components/coral/foundation/container">
                <items jcr:primaryType="nt:unstructured">
                    <mode
                        jcr:primaryType="nt:unstructured"
                        sling:resourceType="granite/ui/components/coral/foundation/form/radiogroup"
                        fieldDescription="The cookie acceptance mode for the site"
                        fieldLabel="Cookie Acceptance Mode"
                        name="./mode">
                        <items jcr:primaryType="nt:unstructured">
                            <opt-info
                                jcr:primaryType="nt:unstructured"
                                checked="{Boolean}true"
                                text="Informational"
                                value="info"/>
                            <opt-in
                                jcr:primaryType="nt:unstructured"
                                text="Opt-In"
                                value="opt-in"/>
                            <opt-out
                                jcr:primaryType="nt:unstructured"
                                text="Opt-Out"
                                value="opt-out"/>
                            <opt-none
                                jcr:primaryType="nt:unstructured"
                                checked="{Boolean}true"
                                text="None"
                                value="none"/>
                        </items>
                    </mode>
                    <message
                        jcr:primaryType="nt:unstructured"
                        sling:resourceType="granite/ui/components/coral/foundation/form/textfield"
                        fieldDescription="Summary of why and how this site uses cookies (unformatted)."
                        fieldLabel="Disclaimer Text"
                        name="./message"/>
                    <accept
                        jcr:primaryType="nt:unstructured"
                        sling:resourceType="granite/ui/components/coral/foundation/form/textfield"
                        fieldDescription="Label of button to click for implicit/explicit consent"
                        fieldLabel="Accept Label"
                        name="./accept"/>
                    <deny
                        jcr:primaryType="nt:unstructured"
                        sling:resourceType="granite/ui/components/coral/foundation/form/textfield"
                        fieldDescription="Label of a button to click for to deny consent"
                        fieldLabel="Deny Label"
                        name="./deny"/>
                    <pagePath
                        jcr:primaryType="nt:unstructured"
                        sling:resourceType="granite/ui/components/coral/foundation/form/pathfield"
                        fieldDescription="This path should point to a contentpage which should be displayed on click at the link"
                        fieldLabel="Cookie Path Page"
                        name="./href"/>
                </items>
            </column>
        </items>
    </content>
</jcr:root>
