<?xml version="1.0" encoding="UTF-8"?>
<jcr:root 
    xmlns:cq="http://www.day.com/jcr/cq/1.0" 
    xmlns:jcr="http://www.jcp.org/jcr/1.0"
    jcr:primaryType="cq:Dialog"
    height="550"
    width="550"
    xtype="dialog">
    <items
        jcr:primaryType="nt:unstructured"
        activeTab="0"
        xtype="tabpanel">
        <items jcr:primaryType="cq:WidgetCollection">
            <headlines
                jcr:primaryType="cq:Widget"
                path="/apps/base/dialogs/tabs/classic/headline.infinity.json"
                xtype="cqinclude">
            </headlines>
            <richtext
                jcr:primaryType="cq:Widget"
                path="/apps/base/dialogs/tabs/classic/richtext.infinity.json"
                xtype="cqinclude">
            </richtext>
            <image
                jcr:primaryType="cq:Widget"
                path="/apps/base/dialogs/tabs/classic/image.infinity.json"
                xtype="cqinclude">
            </image>
            <imageprops
                jcr:primaryType="cq:Widget"
                path="/apps/base/dialogs/tabs/classic/image_properties.infinity.json"
                xtype="cqinclude">
            </imageprops>
            <linktab
                jcr:primaryType="cq:Widget"   
                path="/apps/base/dialogs/tabs/classic/link.infinity.json"
                xtype="cqinclude"/>
            <appslinks
                jcr:primaryType="cq:Widget"   
                path="/apps/base/dialogs/tabs/classic/appslinks.infinity.json"
                xtype="cqinclude"/>
            <layout
                jcr:primaryType="cq:Widget"
                title="textimage_layout_dlgtab"
                xtype="panel">
                <items jcr:primaryType="cq:WidgetCollection">
                    <alignRight
                        jcr:primaryType="cq:Widget"
                        fieldLabel="Align image right"
                        fieldDescription="Activate to align image right (default left)"
                        inputValue="false"
                        name="./alignRight"
                        type="checkbox"
                        xtype="selection" />
                </items>
            </layout>
        </items>
    </items>
</jcr:root>
