<?xml version="1.0" encoding="UTF-8"?>
<jcr:root xmlns:sling="http://sling.apache.org/jcr/sling/1.0" xmlns:cq="http://www.day.com/jcr/cq/1.0"
          xmlns:jcr="http://www.jcp.org/jcr/1.0" xmlns:nt="http://www.jcp.org/jcr/nt/1.0"
          jcr:primaryType="nt:unstructured"
          jcr:title="Page"
          sling:resourceType="cq/gui/components/authoring/dialog"
          extraClientlibs="[cq.common.wcm,cq.siteadmin.admin.properties]"
          mode="edit">
    <content jcr:primaryType="nt:unstructured">
        <items jcr:primaryType="nt:unstructured">
            <tabs jcr:primaryType="nt:unstructured">
                <items jcr:primaryType="nt:unstructured">
                    <basic jcr:primaryType="nt:unstructured">
                        <items jcr:primaryType="nt:unstructured">
                            <column jcr:primaryType="nt:unstructured">
                                <items jcr:primaryType="nt:unstructured">
                                    <title jcr:primaryType="nt:unstructured">
                                        <items jcr:primaryType="nt:unstructured">
                                            <pagename jcr:primaryType="nt:unstructured"
                                                      sling:hideResource="true"/>
                                        </items>
                                    </title>
                                    <moretitles jcr:primaryType="nt:unstructured">
                                        <items jcr:primaryType="nt:unstructured">
                                            <pagetitle jcr:primaryType="nt:unstructured"
                                                       sling:hideResource="true"/>
                                            <subtitle jcr:primaryType="nt:unstructured"
                                                      sling:hideResource="true"/>
                                        </items>
                                    </moretitles>
                                </items>
                            </column>
                        </items>
                    </basic>
                    <advanced jcr:primaryType="nt:unstructured">
                        <items jcr:primaryType="nt:unstructured">
                            <columns jcr:primaryType="nt:unstructured">
                                <items jcr:primaryType="nt:unstructured">
                                    <advanced
                                            jcr:primaryType="nt:unstructured">
                                        <items jcr:primaryType="nt:unstructured">

                                            <redirect jcr:primaryType="nt:unstructured"
                                                      sling:hideResource="true"></redirect>
                                            <redirectiontype jcr:primaryType="nt:unstructured"
                                                             sling:hideResource="true"></redirectiontype>
                                            <alias jcr:primaryType="nt:unstructured"
                                                   sling:hideResource="true"></alias>

                                        </items>
                                    </advanced>
                                </items>
                            </columns>
                        </items>
                    </advanced>
                    <relatedproducts
                            jcr:primaryType="nt:unstructured"
                            jcr:title="Related Products"
                            sling:resourceType="granite/ui/components/foundation/section">
                        <layout
                                jcr:primaryType="nt:unstructured"
                                sling:resourceType="granite/ui/components/foundation/layouts/fixedcolumns"
                                margin="{Boolean}true"/>
                        <items jcr:primaryType="nt:unstructured">
                            <column
                                    jcr:primaryType="nt:unstructured"
                                    sling:resourceType="granite/ui/components/foundation/container">
                                <items jcr:primaryType="nt:unstructured">
                                    <productlinks
                                            jcr:primaryType="nt:unstructured"
                                            sling:resourceType="granite/ui/components/foundation/form/multifield"
                                            fieldLabel="Related products paths">
                                        <field
                                                jcr:primaryType="nt:unstructured"
                                                sling:resourceType="granite/ui/components/coral/foundation/form/pathfield"
                                                name="./relatedproducts"
                                                required="true"/>
                                    </productlinks>

                                </items>
                            </column>
                        </items>
                    </relatedproducts>
                    <premiumcontent
                        jcr:primaryType="nt:unstructured"
                        jcr:title="Premium Content"
                        sling:resourceType="granite/ui/components/foundation/section">
                        <layout
                                jcr:primaryType="nt:unstructured"
                                sling:resourceType="granite/ui/components/foundation/layouts/fixedcolumns"
                                margin="{Boolean}true"/>
                        <items jcr:primaryType="nt:unstructured">
                            <column
                                    jcr:primaryType="nt:unstructured"
                                    sling:resourceType="granite/ui/components/foundation/container">
                                <items jcr:primaryType="nt:unstructured">
                                    <premiumcheckbox
                                            jcr:primaryType="nt:unstructured"
                                            sling:resourceType="granite/ui/components/coral/foundation/form/checkbox"
                                            fieldDescription="This article contains Premium Content, only available for registered users"
                                            name="./premiumcheck"
                                            text="Premium Content"
                                            uncheckedValue="false"
                                            value="true"/>
                                    <token
                                            jcr:primaryType="nt:unstructured"
                                            sling:resourceType="granite/ui/components/coral/foundation/form/textfield"
                                            fieldLabel="Token"
                                            fieldDescription="MC API token"
                                            name="./token"/>
                                </items>
                            </column>
                        </items>
                    </premiumcontent>
                </items>
            </tabs>
        </items>
    </content>
</jcr:root>

