<?xml version="1.0" encoding="UTF-8"?>
<jcr:root
    xmlns:sling="http://sling.apache.org/jcr/sling/1.0"
    xmlns:cq="http://www.day.com/jcr/cq/1.0"
    xmlns:jcr="http://www.jcp.org/jcr/1.0"
    xmlns:nt="http://www.jcp.org/jcr/nt/1.0"
    jcr:primaryType="cq:Page">
    <jcr:content
        jcr:primaryType="nt:unstructured"
        jcr:title="Schwarzkopf v2 Site Design"
        sling:resourceType="wcm/core/components/designer">
        <languageconfiguration jcr:primaryType="nt:unstructured">
            <footerlinklist1
                jcr:primaryType="nt:unstructured"
                sling:resourceType="schwarzkopf_v2/components/linklist">
                <parsys
                    jcr:primaryType="nt:unstructured"
                    sling:resourceType="base/components/parsys"
                    components="[schwarzkopf_v2/components/internallink]"/>
            </footerlinklist1>
            <footerlinklist2
                jcr:primaryType="nt:unstructured"
                sling:resourceType="schwarzkopf_v2/components/linklist">
                <parsys
                    jcr:primaryType="nt:unstructured"
                    sling:resourceType="base/components/parsys"
                    components="[schwarzkopf_v2/components/internallink]"/>
            </footerlinklist2>
            <promoLinkPar
                jcr:primaryType="nt:unstructured"
                sling:resourceType="base/components/parsys"
                components="[schwarzkopf_v2/components/promotionlink]"/>
        </languageconfiguration>
        <home jcr:primaryType="nt:unstructured">
            <contentPar
                jcr:primaryType="nt:unstructured"
                sling:resourceType="base/components/parsys"
                components="[schwarzkopf_v2/components/articleteasergroup,schwarzkopf_v2/components/videogallery,schwarzkopf_v2/components/imagegallerycollection,schwarzkopf_v2/components/productfinderteaser,schwarzkopf_v2/components/socialwall,schwarzkopf_v2/components/registerbutton,schwarzkopf_v2/components/personalized/products]">
                <videogallery jcr:primaryType="nt:unstructured">
                    <videoPar
                        jcr:primaryType="nt:unstructured"
                        sling:resourceType="base/components/parsys"
                        components="[schwarzkopf_v2/components/video]"/>
                </videogallery>
                <productfinderteaser jcr:primaryType="nt:unstructured">
                    <categoriesPar
                        jcr:primaryType="nt:unstructured"
                        sling:resourceType="base/components/parsys"
                        components="[schwarzkopf_v2/components/productfindercategory]"/>
                </productfinderteaser>
            </contentPar>
        </home>
        <brand jcr:primaryType="nt:unstructured">
            <contentPar
                jcr:primaryType="nt:unstructured"
                sling:resourceType="base/components/parsys"
                components="[schwarzkopf_v2/components/textimage,schwarzkopf_v2/components/video]"/>
            <additionalPar
                jcr:primaryType="nt:unstructured"
                sling:resourceType="base/components/parsys"
                components="[schwarzkopf_v2/components/imagegallery,schwarzkopf_v2/components/video,schwarzkopf_v2/components/teasergroup,schwarzkopf_v2/components/socialwall]"/>
        </brand>
        <brands jcr:primaryType="nt:unstructured">
            <teaserGroupPar
                jcr:primaryType="nt:unstructured"
                sling:resourceType="base/components/parsys"
                components="[schwarzkopf_v2/components/brandsteasergroup,schwarzkopf_v2/components/custombrandsteasergroup]"/>
        </brands>
        <productline jcr:primaryType="nt:unstructured">
            <contentPar
                jcr:primaryType="nt:unstructured"
                sling:resourceType="base/components/parsys"
                components="[schwarzkopf_v2/components/textimage,schwarzkopf_v2/components/video]"/>
            <additionalPar
                jcr:primaryType="nt:unstructured"
                sling:resourceType="base/components/parsys"
                components="[schwarzkopf_v2/components/video,schwarzkopf_v2/components/howtoslider,schwarzkopf_v2/components/imagegallery,schwarzkopf_v2/components/articlecontainer,schwarzkopf_v2/components/videogallery,schwarzkopf_v2/components/teasergroup]">
                <articlecontainer
                    jcr:primaryType="nt:unstructured">
                    <parsys
                        jcr:primaryType="nt:unstructured"
                        sling:resourceType="base/components/parsys"
                        components="[schwarzkopf_v2/components/textimage,schwarzkopf_v2/components/tippbox,schwarzkopf_v2/components/video]"/>
                </articlecontainer>
                <videogallery jcr:primaryType="nt:unstructured">
                    <videoPar
                        jcr:primaryType="nt:unstructured"
                        sling:resourceType="base/components/parsys"
                        components="[schwarzkopf_v2/components/video]"/>
                </videogallery>
            </additionalPar>
        </productline>
        <product jcr:primaryType="nt:unstructured">
            <product
                jcr:primaryType="nt:unstructured">
                <contentPar
                    jcr:primaryType="nt:unstructured"
                    sling:resourceType="base/components/parsys"
                    components="[schwarzkopf_v2/components/textimage,schwarzkopf_v2/components/video,schwarzkopf_v2/components/shadecomparison]">
                    <shadecomparison jcr:primaryType="nt:unstructured">
                        <shadesPar
                            jcr:primaryType="nt:unstructured"
                            sling:resourceType="base/components/parsys"
                            components="[schwarzkopf_v2/components/shadecomparisonitem]"/>
                    </shadecomparison>
                </contentPar>
                <additionalPar
                    jcr:primaryType="nt:unstructured"
                    sling:resourceType="base/components/parsys"
                    components="[schwarzkopf_v2/components/howtoslider,schwarzkopf_v2/components/imagegallery,schwarzkopf_v2/components/articlecontainer,schwarzkopf_v2/components/videogallery]">
                    <articlecontainer
                        jcr:primaryType="nt:unstructured">
                        <parsys
                            jcr:primaryType="nt:unstructured"
                            sling:resourceType="base/components/parsys"
                            components="[schwarzkopf_v2/components/textimage,schwarzkopf_v2/components/tippbox,schwarzkopf_v2/components/video]"/>
                    </articlecontainer>
                    <videogallery jcr:primaryType="nt:unstructured">
                        <videoPar
                            jcr:primaryType="nt:unstructured"
                            sling:resourceType="base/components/parsys"
                            components="[schwarzkopf_v2/components/video]"/>
                    </videogallery>
                    <howtoslider jcr:primaryType="nt:unstructured">
                        <slidePar
                            jcr:primaryType="nt:unstructured"
                            sling:resourceType="base/components/parsys"
                            components="[schwarzkopf_v2/components/howtoslideritem]"/>
                    </howtoslider>
                </additionalPar>
            </product>
        </product>
        <article jcr:primaryType="nt:unstructured">
            <contentPar
                jcr:primaryType="nt:unstructured"
                sling:resourceType="base/components/parsys"
                components="[schwarzkopf_v2/components/instagrampost,schwarzkopf_v2/components/appslinks,schwarzkopf_v2/components/image,schwarzkopf_v2/components/iframe,schwarzkopf_v2/components/twocolumnstext,schwarzkopf_v2/components/textimage,schwarzkopf_v2/components/tippbox,schwarzkopf_v2/components/video,schwarzkopf_v2/components/treatwellbutton,schwarzkopf_v2/components/inlinearticle,schwarzkopf_v2/components/campaignmaincomponent,schwarzkopf_v2/components/inlineproduct]"/>
            <additionalPar
                jcr:primaryType="nt:unstructured"
                sling:resourceType="base/components/parsys"
                components="[schwarzkopf_v2/components/imagegallery,schwarzkopf_v2/components/articlecontainer,schwarzkopf_v2/components/videogallery]">
                <articlecontainer
                    jcr:primaryType="nt:unstructured">
                    <parsys
                        jcr:primaryType="nt:unstructured"
                        sling:resourceType="base/components/parsys"
                        components="[schwarzkopf_v2/components/instagrampost,schwarzkopf_v2/components/appslinks,schwarzkopf_v2/components/image,schwarzkopf_v2/components/iframe,schwarzkopf_v2/components/twocolumnstext,schwarzkopf_v2/components/textimage,schwarzkopf_v2/components/tippbox,schwarzkopf_v2/components/video]"/>
                </articlecontainer>
                <videogallery jcr:primaryType="nt:unstructured">
                    <videoPar
                        jcr:primaryType="nt:unstructured"
                        sling:resourceType="base/components/parsys"
                        components="[schwarzkopf_v2/components/video]"/>
                </videogallery>
            </additionalPar>
        </article>
        <content jcr:primaryType="nt:unstructured">
            <contentPar
                jcr:primaryType="nt:unstructured"
                sling:resourceType="base/components/parsys"
                components="[schwarzkopf_v2/components/instagrampost,schwarzkopf_v2/components/appslinks,schwarzkopf_v2/components/image,schwarzkopf_v2/components/formcontainer,schwarzkopf_v2/components/iframe,schwarzkopf_v2/components/twocolumnstext,schwarzkopf_v2/components/textimage,schwarzkopf_v2/components/tippbox,schwarzkopf_v2/components/video]">
                <formcontainer
                    jcr:primaryType="nt:unstructured">
                    <parsys
                        jcr:primaryType="nt:unstructured"
                        sling:resourceType="base/components/parsys"
                        components="[foundation/components/form/start,foundation/components/form/text,foundation/components/form/submit]"/>
                </formcontainer>
            </contentPar>
            <additionalPar
                jcr:primaryType="nt:unstructured"
                sling:resourceType="base/components/parsys"
                components="[schwarzkopf_v2/components/imagegallery,schwarzkopf_v2/components/articlecontainer,schwarzkopf_v2/components/videogallery,schwarzkopf_v2/components/teasergroup]">
                <articlecontainer
                    jcr:primaryType="nt:unstructured">
                    <parsys
                        jcr:primaryType="nt:unstructured"
                        sling:resourceType="base/components/parsys"
                        components="[schwarzkopf_v2/components/instagrampost,schwarzkopf_v2/components/appslinks,schwarzkopf_v2/components/image,schwarzkopf_v2/components/iframe,schwarzkopf_v2/components/twocolumnstext,schwarzkopf_v2/components/textimage,schwarzkopf_v2/components/tippbox,schwarzkopf_v2/components/video]"/>
                </articlecontainer>
                <videogallery jcr:primaryType="nt:unstructured">
                    <videoPar
                        jcr:primaryType="nt:unstructured"
                        sling:resourceType="base/components/parsys"
                        components="[schwarzkopf_v2/components/video]"/>
                </videogallery>
            </additionalPar>
        </content>
        <overview jcr:primaryType="nt:unstructured">
            <contentPar
                jcr:primaryType="nt:unstructured"
                sling:resourceType="base/components/parsys"
                components="[schwarzkopf_v2/components/textimage]"/>
        </overview>
        <category jcr:primaryType="nt:unstructured">
            <additionalPar
                jcr:primaryType="nt:unstructured"
                sling:resourceType="base/components/parsys"
                components="[schwarzkopf_v2/components/imagegallerycollection]"/>
        </category>
        <productfinder jcr:primaryType="nt:unstructured">
            <filterPar
                jcr:primaryType="nt:unstructured"
                sling:resourceType="base/components/parsys"
                components="[base/components/filtergroup]">
                <filtergroup jcr:primaryType="nt:unstructured">
                    <parsys jcr:primaryType="nt:unstructured"
                            sling:resourceType="base/components/parsys"
                            components="[base/components/filteritem]"/>
                </filtergroup>
            </filterPar>
            <categoriesPar
                jcr:primaryType="nt:unstructured"
                sling:resourceType="base/components/parsys"
                components="[schwarzkopf_v2/components/productfindercategory]"/>
            <productListPar
                jcr:primaryType="nt:unstructured"
                sling:resourceType="base/components/parsys"
                components="[schwarzkopf_v2/components/productlist]"/>
        </productfinder>
        <creategallerypage jcr:primaryType="nt:unstructured">
            <galleryImagePar
                jcr:primaryType="nt:unstructured"
                sling:resourceType="foundation/components/parsys"
                components="[schwarzkopf_v2/components/galleryimage]">
                <section jcr:primaryType="nt:unstructured"/>
            </galleryImagePar>
        </creategallerypage>
        <createtipboxpage jcr:primaryType="nt:unstructured">
            <tippboxPar
                jcr:primaryType="nt:unstructured"
                sling:resourceType="base/components/parsys"
                components="[schwarzkopf_v2/components/tippboxstep]">
                <section jcr:primaryType="nt:unstructured"/>
            </tippboxPar>
        </createtipboxpage>
        <campaign jcr:primaryType="nt:unstructured">
            <contentPar
                jcr:primaryType="nt:unstructured"
                sling:resourceType="base/components/parsys"
                components="[schwarzkopf_v2/components/instagrampost,schwarzkopf_v2/components/appslinks,schwarzkopf_v2/components/image,schwarzkopf_v2/components/iframe,schwarzkopf_v2/components/twocolumnstext,schwarzkopf_v2/components/textimage,schwarzkopf_v2/components/tippbox,schwarzkopf_v2/components/video,schwarzkopf_v2/components/treatwellbutton]"/>
            <additionalPar
                jcr:primaryType="nt:unstructured"
                sling:resourceType="base/components/parsys"
                components="[schwarzkopf_v2/components/instagrampost,schwarzkopf_v2/components/appslinks,schwarzkopf_v2/components/image,schwarzkopf_v2/components/iframe,schwarzkopf_v2/components/twocolumnstext,schwarzkopf_v2/components/textimage,schwarzkopf_v2/components/tippbox,schwarzkopf_v2/components/video,schwarzkopf_v2/components/treatwellbutton]"/>
            <productFormPar
                jcr:primaryType="nt:unstructured"
                sling:resourceType="base/components/parsys"
                components="[schwarzkopf_v2/components/campaigncontactus,schwarzkopf_v2/components/campaignproductslider]"/>
        </campaign>
        <quiz jcr:primaryType="nt:unstructured">
            <quizPar
                jcr:primaryType="nt:unstructured"
                sling:resourceType="base/components/parsys"
                components="[schwarzkopf_v2/components/form/hairquiz]"/>
        </quiz>
    </jcr:content>
</jcr:root>
