<?xml version="1.0" encoding="UTF-8"?>
<jcr:root xmlns:sling="http://sling.apache.org/jcr/sling/1.0" xmlns:cq="http://www.day.com/jcr/cq/1.0"
          xmlns:jcr="http://www.jcp.org/jcr/1.0" xmlns:nt="http://www.jcp.org/jcr/nt/1.0"
          jcr:primaryType="nt:unstructured"
          jcr:title="Campaign Product Slider"
          sling:resourceType="cq/gui/components/authoring/dialog">
    <content
            jcr:primaryType="nt:unstructured"
            sling:resourceType="granite/ui/components/foundation/container">
        <items jcr:primaryType="nt:unstructured">
            <tabs
                jcr:primaryType="nt:unstructured"
                sling:resourceType="granite/ui/components/foundation/container">
                <layout
                    jcr:primaryType="nt:unstructured"
                    sling:resourceType="granite/ui/components/foundation/layouts/tabs"
                    type="nav"/>
                <items jcr:primaryType="nt:unstructured">
                    <separator
                        jcr:primaryType="nt:unstructured"
                        sling:resourceType="granite/ui/components/coral/foundation/form/select"
                        allowBlank="false"
                        fieldLabel="Separator position"
                        name="./separator">
                        <items jcr:primaryType="nt:unstructured">
                            <none
                                jcr:primaryType="nt:unstructured"
                                text="None"
                                value="none"/>
                            <above
                                jcr:primaryType="nt:unstructured"
                                text="Above"
                                value="above"/>
                            <below
                                jcr:primaryType="nt:unstructured"
                                text="Below"
                                value="below"/>
                            <both
                                jcr:primaryType="nt:unstructured"
                                text="Both"
                                value="both"/>
                        </items>
                    </separator>
                    <multifield
                            jcr:primaryType="nt:unstructured"
                            sling:resourceType="granite/ui/components/coral/foundation/form/multifield"
                            class="full-width"
                            composite="{Boolean}true"
                            fieldLabel="Campaign Products">
                        <field
                                jcr:primaryType="nt:unstructured"
                                sling:resourceType="granite/ui/components/coral/foundation/container"
                                name="./products">
                            <layout
                                    jcr:primaryType="nt:unstructured"
                                    sling:resourceType="granite/ui/components/foundation/layouts/fixedcolumns"
                                    method="absolute"/>
                            <items jcr:primaryType="nt:unstructured">
                                <linkText
                                        jcr:primaryType="nt:unstructured"
                                        sling:resourceType="granite/ui/components/coral/foundation/form/pathfield"
                                        allowBlank="false"
                                        fieldLabel="Product"
                                        rootPath="/content/productlib"
                                        name="./linkText"
                                        required="{Boolean}true"/>
                            </items>
                        </field>
                    </multifield>

                </items>
            </tabs>
        </items>
    </content>
</jcr:root>
