<?xml version="1.0" encoding="UTF-8"?>
<jcr:root xmlns:sling="http://sling.apache.org/jcr/sling/1.0" xmlns:cq="http://www.day.com/jcr/cq/1.0"
          xmlns:jcr="http://www.jcp.org/jcr/1.0" xmlns:nt="http://www.jcp.org/jcr/nt/1.0"
          jcr:primaryType="nt:unstructured"
          jcr:title="Campaign Language Config"
          sling:resourceType="cq/gui/components/authoring/dialog">
    <content
            jcr:primaryType="nt:unstructured"
            sling:resourceType="granite/ui/components/foundation/container">
        <items jcr:primaryType="nt:unstructured">
            <tabs
                    jcr:primaryType="nt:unstructured"
                    sling:resourceType="granite/ui/components/foundation/container">
                <layout
                        jcr:primaryType="nt:unstructured"
                        sling:resourceType="granite/ui/components/foundation/layouts/tabs"
                        type="nav"/>
                <items jcr:primaryType="nt:unstructured">
                    <campaignlanguageconfig
                            jcr:primaryType="nt:unstructured"
                            sling:resourceType="granite/ui/components/foundation/container"
                            jcr:title="Campaign Language Config">
                        <items jcr:primaryType="nt:unstructured">
                            <firstCheckbox
                                jcr:primaryType="nt:unstructured"
                                sling:resourceType="cq/gui/components/authoring/dialog/richtext"
                                sling:resourceSuperType="/apps/base/dialogs/elements/richtextintroblock/cq:dialog/content/items/richtext"
                                fieldLabel="Terms text"
                                name="./termstext"
                                useFixedInlineToolbar="{Boolean}true"/>
                            <secondCheckbox
                                jcr:primaryType="nt:unstructured"
                                sling:resourceType="cq/gui/components/authoring/dialog/richtext"
                                sling:resourceSuperType="/apps/base/dialogs/elements/richtextintroblock/cq:dialog/content/items/richtext"
                                fieldLabel="Privacy Text"
                                name="./privacytext"
                                useFixedInlineToolbar="{Boolean}true"/>
                            <headline
                                jcr:primaryType="nt:unstructured"
                                sling:resourceType="granite/ui/components/foundation/form/textfield"
                                fieldLabel="Headline"
                                name="./headline"/>
                            <subheadline
                                jcr:primaryType="nt:unstructured"
                                sling:resourceType="granite/ui/components/foundation/form/textfield"
                                fieldLabel="Subheadline"
                                name="./subheadline"/>
                            <name
                                jcr:primaryType="nt:unstructured"
                                sling:resourceType="granite/ui/components/foundation/form/textfield"
                                fieldLabel="First Name"
                                name="./firstname"/>
                            <surname
                                jcr:primaryType="nt:unstructured"
                                sling:resourceType="granite/ui/components/foundation/form/textfield"
                                fieldLabel="Last Name"
                                name="./lastname"/>
                            <street
                                jcr:primaryType="nt:unstructured"
                                sling:resourceType="granite/ui/components/foundation/form/textfield"
                                fieldLabel="Street"
                                name="./street"/>
                            <housenumber
                                jcr:primaryType="nt:unstructured"
                                sling:resourceType="granite/ui/components/foundation/form/textfield"
                                fieldLabel="House Number"
                                name="./housenumber"/>
                            <zipcode
                                jcr:primaryType="nt:unstructured"
                                sling:resourceType="granite/ui/components/foundation/form/textfield"
                                fieldLabel="Zip Code"
                                name="./zipcode"/>
                            <place
                                jcr:primaryType="nt:unstructured"
                                sling:resourceType="granite/ui/components/foundation/form/textfield"
                                fieldLabel="City"
                                name="./city"/>
                            <country
                                jcr:primaryType="nt:unstructured"
                                sling:resourceType="granite/ui/components/foundation/form/textfield"
                                fieldLabel="Country"
                                name="./country"/>
                            <participate
                                jcr:primaryType="nt:unstructured"
                                sling:resourceType="granite/ui/components/foundation/form/textfield"
                                fieldLabel="Participate"
                                name="./participate"/>
                        </items>
                    </campaignlanguageconfig>
                </items>
            </tabs>
        </items>
    </content>
</jcr:root>
