<?xml version="1.0" encoding="UTF-8"?>
<jcr:root xmlns:sling="http://sling.apache.org/jcr/sling/1.0" xmlns:cq="http://www.day.com/jcr/cq/1.0"
          xmlns:jcr="http://www.jcp.org/jcr/1.0" xmlns:nt="http://www.jcp.org/jcr/nt/1.0"
          jcr:primaryType="nt:unstructured"
          jcr:title="Edit Component"
          sling:resourceType="cq/gui/components/authoring/dialog">
    <content
            jcr:primaryType="nt:unstructured"
            sling:resourceType="granite/ui/components/foundation/container">
        <items jcr:primaryType="nt:unstructured">
            <tabs
                    jcr:primaryType="nt:unstructured"
                    sling:resourceType="granite/ui/components/foundation/container"
                    jcr:title="galleryimage_tab_info">
                <layout
                        jcr:primaryType="nt:unstructured"
                        sling:resourceType="granite/ui/components/foundation/layouts/tabs"
                        type="nav"/>
                <items jcr:primaryType="nt:unstructured">
                    <galleryimage_tab_info
                            jcr:primaryType="nt:unstructured"
                            jcr:title="el_headline_title"
                            sling:resourceType="granite/ui/components/foundation/container">
                        <layout
                                jcr:primaryType="nt:unstructured"
                                sling:resourceType="granite/ui/components/foundation/layouts/fixedcolumns"/>
                        <items jcr:primaryType="nt:unstructured">
                            <columns
                                    jcr:primaryType="nt:unstructured"
                                    sling:resourceType="granite/ui/components/foundation/container">
                                <items jcr:primaryType="nt:unstructured">
                                    <headline
                                            jcr:primaryType="nt:unstructured"
                                            sling:resourceType="granite/ui/components/foundation/include"
                                            path="/apps/base/dialogs/elements/headline/cq:dialog/content/items/headlines"/>
                                    <richtext
                                            jcr:primaryType="nt:unstructured"
                                            sling:resourceType="granite/ui/components/foundation/include"
                                            path="/apps/base/dialogs/tabs/richtext/cq:dialog/content/items/richtext">
                                    </richtext>
                                    <restype1
                                            jcr:primaryType="nt:unstructured"
                                            sling:resourceType="granite/ui/components/foundation/form/hidden"
                                            ignoreData="{Boolean}true"
                                            name="./image1/sling:resourceType"
                                            value="/libs/foundation/components/image"/>
                                    <restype2
                                            jcr:primaryType="nt:unstructured"
                                            sling:resourceType="granite/ui/components/foundation/form/hidden"
                                            ignoreData="{Boolean}true"
                                            name="./image2/sling:resourceType"
                                            value="/libs/foundation/components/image"/>
                                    <restype3
                                            jcr:primaryType="nt:unstructured"
                                            sling:resourceType="granite/ui/components/foundation/form/hidden"
                                            ignoreData="{Boolean}true"
                                            name="./image3/sling:resourceType"
                                            value="/libs/foundation/components/image"/>
                                </items>
                            </columns>
                        </items>
                    </galleryimage_tab_info>

                    <galleryimage_tab_img_attributes
                            jcr:primaryType="nt:unstructured"
                            sling:resourceType="granite/ui/components/foundation/container"
                            jcr:title="galleryimage_tab_img_attributes">
                        <layout
                                jcr:primaryType="nt:unstructured"
                                sling:resourceType="granite/ui/components/foundation/layouts/fixedcolumns"
                                margin="{Boolean}false"/>
                        <items jcr:primaryType="nt:unstructured">

                            <column
                                    jcr:primaryType="nt:unstructured"
                                    sling:resourceType="granite/ui/components/foundation/container">
                                <items jcr:primaryType="nt:unstructured">
                                    <imgalt
                                            jcr:primaryType="nt:unstructured"
                                            sling:resourceType="granite/ui/components/foundation/form/textfield"
                                            fieldLabel="imgalt_dlglabel"
                                            name="./imageprops2/alt"/>
                                    <imgtitle
                                            jcr:primaryType="nt:unstructured"
                                            sling:resourceType="granite/ui/components/foundation/form/textfield"
                                            fieldLabel="imgtitle_dlglabel"
                                            name="./imageprops2/title"/>
                                    <imgcaption
                                            jcr:primaryType="nt:unstructured"
                                            sling:resourceType="granite/ui/components/foundation/form/textfield"
                                            fieldLabel="imgcaption_dlglabel"
                                            name="./imageprops2/caption"/>
                                    <imgcopyright
                                            jcr:primaryType="nt:unstructured"
                                            sling:resourceType="granite/ui/components/foundation/form/textfield"
                                            fieldLabel="imgcopyright_dlglabel"
                                            name="./imageprops2/copyright"/>
                                </items>
                            </column>
                        </items>
                    </galleryimage_tab_img_attributes>
                    <galleryimage_tab_thumbnail
                            jcr:primaryType="nt:unstructured"
                            sling:resourceType="granite/ui/components/foundation/container"
                            jcr:title="galleryimage_tab_thumbnail">
                        <layout
                                jcr:primaryType="nt:unstructured"
                                sling:resourceType="granite/ui/components/foundation/layouts/fixedcolumns"
                                margin="{Boolean}false"/>
                        <items jcr:primaryType="nt:unstructured">
                            <column
                                    jcr:primaryType="nt:unstructured"
                                    sling:resourceType="granite/ui/components/foundation/container">
                                <items jcr:primaryType="nt:unstructured">
                                    <galleryimage_tab_thumbnail
                                            jcr:primaryType="nt:unstructured"
                                            sling:resourceType="granite/ui/components/foundation/form/fileupload"
                                            allowFileReference="{Boolean}true"
                                            allowUpload="{Boolean}false"
                                            mimeTypes="[image]"
                                            fileNameParameter="./image1/fileName"
                                            fileReferenceParameter="./image1/fileReference"
                                            name="./image1/file"
                                            requestSuffix="/image1.img.png"
                                            disableZoom="{Boolean}true"
                                            hideLabel="{Boolean}true"
                                            title="galleryimage_tab_thumbnail"
                                            uploadUrl="/tmp/upload_test/*"
                                            useHTML5="{Boolean}true"/>
                                </items>
                            </column>
                        </items>
                    </galleryimage_tab_thumbnail>
                    <galleryimage_tab_medium
                            jcr:primaryType="nt:unstructured"
                            sling:resourceType="granite/ui/components/foundation/container"
                            jcr:title="galleryimage_tab_medium">
                        <layout
                                jcr:primaryType="nt:unstructured"
                                sling:resourceType="granite/ui/components/foundation/layouts/fixedcolumns"
                                margin="{Boolean}false"/>
                        <items jcr:primaryType="nt:unstructured">
                            <column
                                    jcr:primaryType="nt:unstructured"
                                    sling:resourceType="granite/ui/components/foundation/container">
                                <items jcr:primaryType="nt:unstructured">
                                    <galleryimage_tab_medium
                                            jcr:primaryType="nt:unstructured"
                                            sling:resourceType="granite/ui/components/foundation/form/fileupload"
                                            allowFileReference="{Boolean}true"
                                            allowUpload="{Boolean}false"
                                            mimeTypes="[image]"
                                            fileNameParameter="./image2/fileName"
                                            fileReferenceParameter="./image2/fileReference"
                                            name="./image2/file"
                                            requestSuffix="/image2.img.png"
                                            disableZoom="{Boolean}true"
                                            hideLabel="{Boolean}true"
                                            title="galleryimage_tab_medium"
                                            uploadUrl="/tmp/upload_test/*"
                                            useHTML5="{Boolean}true"/>
                                </items>
                            </column>
                        </items>
                    </galleryimage_tab_medium>
                    <galleryimage_tab_large
                            jcr:primaryType="nt:unstructured"
                            sling:resourceType="granite/ui/components/foundation/container"
                            jcr:title="galleryimage_tab_large">
                        <layout
                                jcr:primaryType="nt:unstructured"
                                sling:resourceType="granite/ui/components/foundation/layouts/fixedcolumns"
                                margin="{Boolean}false"/>
                        <items jcr:primaryType="nt:unstructured">
                            <column
                                    jcr:primaryType="nt:unstructured"
                                    sling:resourceType="granite/ui/components/foundation/container">
                                <items jcr:primaryType="nt:unstructured">
                                    <galleryimage_tab_large
                                            jcr:primaryType="nt:unstructured"
                                            sling:resourceType="granite/ui/components/foundation/form/fileupload"
                                            allowFileReference="{Boolean}true"
                                            allowUpload="{Boolean}false"
                                            mimeTypes="[image]"
                                            fileNameParameter="./image3/fileName"
                                            fileReferenceParameter="./image3/fileReference"
                                            name="./image3/file"
                                            requestSuffix="/image3.img.png"
                                            disableZoom="{Boolean}true"
                                            hideLabel="{Boolean}true"
                                            title="galleryimage_tab_large"
                                            uploadUrl="/tmp/upload_test/*"/>
                                </items>
                            </column>
                        </items>
                    </galleryimage_tab_large>
                </items>
            </tabs>
        </items>
    </content>
</jcr:root>