<?xml version="1.0" encoding="UTF-8"?>
<jcr:root 
    xmlns:cq="http://www.day.com/jcr/cq/1.0" 
    xmlns:jcr="http://www.jcp.org/jcr/1.0"
    jcr:primaryType="cq:Dialog"
    xtype="dialog">
    <items
        jcr:primaryType="nt:unstructured"
        activeTab="0"
        xtype="tabpanel">
        <items jcr:primaryType="cq:WidgetCollection">
            <teasertab
                jcr:primaryType="cq:Widget"   
                jcr:title="Reference"
                xtype="panel">
                <items jcr:primaryType="cq:WidgetCollection">
                    <internallink
                        jcr:primaryType="cq:Widget"
                        fieldLabel="Internal link"
                        name="./teaserReference"
                        rootPath="/content"
                        xtype="pathfield"
                         />
                </items>
            </teasertab>
            <tab2
                jcr:primaryType="cq:Widget"
                jcr:title="Manual content"
                xtype="panel">
                <items jcr:primaryType="cq:WidgetCollection">
                <headline
                        jcr:primaryType="cq:Widget"
                        path="/apps/base/dialogs/elements/classic/headline.infinity.json"
                        xtype="cqinclude"/>
                <subheadline
                        jcr:primaryType="cq:Widget"
                        fieldLabel="el_subheadline_title"
                        fieldDescription="el_subheadline_desc"
                        name="./subheadline"
                        xtype="textfield" />
                <ctaButtonText
                        jcr:primaryType="cq:Widget"
                        fieldLabel="CTA Button Text"
                        fieldDescription="Override the 'More information' button for the hero teaser"
                        name="./ctaButtonText"
                        xtype="textfield" />
                <description
                        jcr:primaryType="cq:Widget"
                        fieldLabel="Description"
                        fieldDescription="Additional text to describe the target page"
                        name="./description"
                        xtype="textarea" />
                <internallink
                    jcr:primaryType="cq:Widget"
                    fieldLabel="Internal link"
                    name="./internalLink"
                    rootPath="/content"
                    xtype="pathfield"
                     />
                <externallink
                    jcr:primaryType="cq:Widget"
                    fieldLabel="External link"
                    name="./externalLink"
                    xtype="textfield" />
                </items>
            </tab2>
            <tab3
                    jcr:primaryType="cq:Widget"
                    path="/apps/base/dialogs/tabs/classic/image.infinity.json"
                    xtype="cqinclude">
            </tab3>
        </items>
    </items>
</jcr:root>
