<?xml version="1.0" encoding="UTF-8"?>
<jcr:root xmlns:sling="http://sling.apache.org/jcr/sling/1.0" xmlns:cq="http://www.day.com/jcr/cq/1.0"
          xmlns:jcr="http://www.jcp.org/jcr/1.0" xmlns:nt="http://www.jcp.org/jcr/nt/1.0"
          jcr:primaryType="nt:unstructured"
          sling:resourceType="cq/gui/components/authoring/dialog">
    <content
            jcr:primaryType="nt:unstructured"
            sling:resourceType="granite/ui/components/foundation/container">
        <layout
                jcr:primaryType="nt:unstructured"
                sling:resourceType="granite/ui/components/foundation/layouts/tabs"
                type="nav"/>
        <items jcr:primaryType="nt:unstructured">
            <stageteaser
                    jcr:primaryType="nt:unstructured"
                    jcr:title="Stage"
                    sling:resourceType="granite/ui/components/foundation/container">
                <layout
                        jcr:primaryType="nt:unstructured"
                        sling:resourceType="granite/ui/components/foundation/layouts/fixedcolumns"/>
                <items jcr:primaryType="nt:unstructured">
                    <columns
                            jcr:primaryType="nt:unstructured"
                            sling:resourceType="granite/ui/components/foundation/container">
                        <items jcr:primaryType="nt:unstructured">
                            <teaserimage
                                    jcr:primaryType="nt:unstructured"
                                    jcr:title="Stage Teaser Image"
                                    sling:resourceType="granite/ui/components/foundation/form/fieldset">
                                <items jcr:primaryType="nt:unstructured">
                                    <teaserimage
                                            jcr:primaryType="nt:unstructured"
                                            sling:resourceType="granite/ui/components/foundation/form/pathbrowser"
                                            rootPath="/content/dam"
                                            name="./teaser/stageteaser/image/fileReference"
                                            title="Image"
                                            requestSuffix="/teaser/pageteaserbig/image.img.png"/>
                                    <resType
                                            jcr:primaryType="nt:unstructured"
                                            sling:resourceType="granite/ui/components/foundation/form/hidden"
                                            ignoreData="{Boolean}true"
                                            name="./teaser/stageteaser/image/sling:resourceType"
                                            value="foundation/components/image"/>
                                </items>
                            </teaserimage>
                        </items>
                    </columns>
                </items>
            </stageteaser>
        </items>
    </content>
</jcr:root>
