<?xml version="1.0" encoding="UTF-8"?>
<jcr:root xmlns:sling="http://sling.apache.org/jcr/sling/1.0" xmlns:cq="http://www.day.com/jcr/cq/1.0"
          xmlns:jcr="http://www.jcp.org/jcr/1.0" xmlns:nt="http://www.jcp.org/jcr/nt/1.0"
          jcr:primaryType="nt:unstructured"
          jcr:title="Premium Article Teaser"
          sling:resourceType="cq/gui/components/authoring/dialog">
    <content
            jcr:primaryType="nt:unstructured"
            sling:resourceType="granite/ui/components/foundation/container">
        <items jcr:primaryType="nt:unstructured">
            <tabs
                    jcr:primaryType="nt:unstructured"
                    sling:resourceType="granite/ui/components/foundation/container">
                <layout
                        jcr:primaryType="nt:unstructured"
                        sling:resourceType="granite/ui/components/foundation/layouts/tabs"
                        type="nav"/>
                <items jcr:primaryType="nt:unstructured">
                    <inlineteaser
                            jcr:primaryType="nt:unstructured"
                            sling:resourceType="granite/ui/components/foundation/container"
                            jcr:title="Premium Article Teaser">
                        <items jcr:primaryType="nt:unstructured">
                            <premium
                                    jcr:primaryType="nt:unstructured"
                                    sling:resourceType="granite/ui/components/foundation/form/textfield"
                                    defaultValue="Premium"
                                    fieldLabel="Premium Label"
                                    name="./premiumText"/>
                            <title
                                    jcr:primaryType="nt:unstructured"
                                    sling:resourceType="granite/ui/components/foundation/form/textfield"                                    
                                    fieldLabel="Premium Title Label"
                                    name="./premiumTitle"/>
                            <headline
                                    jcr:primaryType="nt:unstructured"
                                    sling:resourceType="granite/ui/components/foundation/form/textfield"
                                    fieldLabel="Headline"
                                    name="./headline"/>
                            <articleintro
                                    jcr:primaryType="nt:unstructured"
                                    sling:resourceType="granite/ui/components/foundation/form/textfield"
                                    fieldLabel="Article Intro"
                                    name="./articleintro"/>        
                            <articlepath
                                    sling:resourceType="granite/ui/components/coral/foundation/form/pathfield"
                                    fieldLabel="Premium Article Path"
                                    jcr:primaryType="nt:unstructured"
                                    rootPath="/content/schwarzkopf"
                                    name="./articlepath" />
                            <image
                                    sling:resourceType="granite/ui/components/coral/foundation/form/pathfield"
                                    fieldLabel="Image"
                                    jcr:primaryType="nt:unstructured"
                                    rootPath="/content/dam/schwarzkopf"
                                    name="./imagepath" />
                        </items>
                    </inlineteaser>


                </items>
            </tabs>
        </items>
    </content>
</jcr:root>
