<?xml version="1.0" encoding="UTF-8"?>
<jcr:root xmlns:sling="http://sling.apache.org/jcr/sling/1.0" xmlns:cq="http://www.day.com/jcr/cq/1.0"
          xmlns:jcr="http://www.jcp.org/jcr/1.0" xmlns:nt="http://www.jcp.org/jcr/nt/1.0"
          jcr:primaryType="nt:unstructured"
          jcr:title="Tip Box"
          sling:resourceType="cq/gui/components/authoring/dialog">
    <content
            jcr:primaryType="nt:unstructured"
            sling:resourceType="granite/ui/components/foundation/container">
        <items jcr:primaryType="nt:unstructured">
            <tabs
                    jcr:primaryType="nt:unstructured"
                    sling:resourceType="granite/ui/components/foundation/container">
                <layout
                        jcr:primaryType="nt:unstructured"
                        sling:resourceType="granite/ui/components/foundation/layouts/tabs"
                        type="nav"/>
                <items jcr:primaryType="nt:unstructured">
                    <TipBox
                            jcr:primaryType="nt:unstructured"
                            sling:resourceType="granite/ui/components/foundation/container"
                            jcr:title="Tip Box">
                        <items jcr:primaryType="nt:unstructured">
                            <headline
                                    jcr:primaryType="nt:unstructured"
                                    sling:resourceType="granite/ui/components/foundation/include"
                                    path="/apps/base/dialogs/elements/headline/cq:dialog/content/items/headlines">
                            </headline>
                            <textarea
                                    jcr:primaryType="nt:unstructured"
                                    sling:resourceType="granite/ui/components/foundation/include"
                                    name="./textarea"
                                    fieldLabel="Text"
                                    path="/apps/base/dialogs/elements/richtexttippbox/cq:dialog/content/items/richtext">
                            </textarea>
                            <path
                                    jcr:primaryType="nt:unstructured"
                                    sling:resourceType="granite/ui/components/foundation/form/pathbrowser"
                                    allowBlank="{Boolean}true"
                                    disabled="{Boolean}false"
                                    escapeAmp="{Boolean}false"
                                    hideLabel="{Boolean}false"
                                    hideTrigger="{Boolean}false"
                                    fieldLabel="Path"
                                    fieldDescription="Path to tipbox in tipbox library that should be included here"
                                    name="./path"
                                    parBrowse="{Boolean}false"
                                    rootPath="/content"
                                    rootTitle="Websites"
                                    showTitleInTree="{Boolean}true"/>
                        </items>
                    </TipBox>
                </items>
            </tabs>
        </items>
    </content>
</jcr:root>
