<?xml version="1.0" encoding="UTF-8"?>
<jcr:root xmlns:sling="http://sling.apache.org/jcr/sling/1.0" xmlns:cq="http://www.day.com/jcr/cq/1.0"
          xmlns:jcr="http://www.jcp.org/jcr/1.0" xmlns:nt="http://www.jcp.org/jcr/nt/1.0"
          jcr:primaryType="nt:unstructured"
          jcr:title="Edit Dialog"
          sling:resourceType="cq/gui/components/authoring/dialog"
          extraClientlibs="[cq.common.wcm,cq.siteadmin.admin.properties]"
          mode="edit">
    <content
            jcr:primaryType="nt:unstructured"
            sling:resourceType="granite/ui/components/foundation/container"
            class="cq-dialog-content-page">
        <items jcr:primaryType="nt:unstructured">
            <tabs
                    jcr:primaryType="nt:unstructured"
                    sling:resourceType="granite/ui/components/foundation/container"
                    rel="cq-siteadmin-admin-properties-tabs">
                <layout
                        jcr:primaryType="nt:unstructured"
                        sling:resourceType="granite/ui/components/foundation/layouts/tabs"
                        type="nav"/>
                <items jcr:primaryType="nt:unstructured">
                    <image
                            jcr:primaryType="nt:unstructured"
                            sling:resourceType="granite/ui/components/foundation/include"
                            path="/apps/base/dialogs/tabs/image/cq:dialog/content/items/image">
                    </image>
                    <imageprops
                            jcr:primaryType="nt:unstructured"
                            sling:resourceType="granite/ui/components/foundation/include"
                            path="/apps/base/dialogs/tabs/image_properties/cq:dialog/content/items/imageprops">
                    </imageprops>
                    <mediumImage
                            jcr:primaryType="nt:unstructured"
                            jcr:title="Medium Visual (1500w)"
                            sling:resourceType="granite/ui/components/foundation/section">
                        <layout
                                jcr:primaryType="nt:unstructured"
                                sling:resourceType="granite/ui/components/foundation/layouts/fixedcolumns"
                                margin="{Boolean}false"/>
                        <items jcr:primaryType="nt:unstructured">
                            <column
                                    jcr:primaryType="nt:unstructured"
                                    sling:resourceType="granite/ui/components/foundation/container">
                                <items jcr:primaryType="nt:unstructured">
                                    <mediumImage
                                            jcr:primaryType="nt:unstructured"
                                            sling:resourceType="granite/ui/components/foundation/form/fileupload"
                                            allowFileReference="{Boolean}true"
                                            allowUpload="{Boolean}false"
                                            mimeTypes="[image]"
                                            fileNameParameter="./mediumImage/fileName"
                                            fileReferenceParameter="./mediumImage/fileReference"
                                            name="./mediumImage/file"
                                            title="Medium Visual (1500w)"
                                            useHTML5="{Boolean}true"
                                            hideLabel="{Boolean}true"
                                            uploadUrl="/tmp/upload_test/*"/>
                                </items>
                            </column>
                        </items>
                    </mediumImage>
                    <smallImage
                            jcr:primaryType="nt:unstructured"
                            jcr:title="Small Image (750w)"
                            sling:resourceType="granite/ui/components/foundation/section">
                        <layout
                                jcr:primaryType="nt:unstructured"
                                sling:resourceType="granite/ui/components/foundation/layouts/fixedcolumns"
                                margin="{Boolean}false"/>
                        <items jcr:primaryType="nt:unstructured">
                            <column
                                    jcr:primaryType="nt:unstructured"
                                    sling:resourceType="granite/ui/components/foundation/container">
                                <items jcr:primaryType="nt:unstructured">
                                    <smallImage
                                            jcr:primaryType="nt:unstructured"
                                            sling:resourceType="granite/ui/components/foundation/form/fileupload"
                                            allowFileReference="{Boolean}true"
                                            allowUpload="{Boolean}false"
                                            mimeTypes="[image]"
                                            fileNameParameter="./smallImage/fileName"
                                            fileReferenceParameter="./smallImage/fileReference"
                                            name="./smallImage/file"
                                            title="Small Image (750w)"
                                            useHTML5="{Boolean}true"
                                            hideLabel="{Boolean}true"
                                            uploadUrl="/tmp/upload_test/*"/>
                                </items>
                            </column>
                        </items>
                    </smallImage>
                    <packshot
                            jcr:primaryType="nt:unstructured"
                            jcr:title="Packshot"
                            sling:resourceType="granite/ui/components/foundation/section">
                        <layout
                                jcr:primaryType="nt:unstructured"
                                sling:resourceType="granite/ui/components/foundation/layouts/fixedcolumns"
                                margin="{Boolean}false"/>
                        <items jcr:primaryType="nt:unstructured">
                            <column
                                    jcr:primaryType="nt:unstructured"
                                    sling:resourceType="granite/ui/components/foundation/container">
                                <items jcr:primaryType="nt:unstructured">
                                    <packshot
                                            jcr:primaryType="nt:unstructured"
                                            sling:resourceType="granite/ui/components/foundation/form/fileupload"
                                            allowFileReference="{Boolean}true"
                                            allowUpload="{Boolean}false"
                                            mimeTypes="[image]"
                                            fileNameParameter="./packshot/fileName"
                                            fileReferenceParameter="./packshot/fileReference"
                                            name="./packshot/file"
                                            title="Packshot"
                                            useHTML5="{Boolean}true"
                                            hideLabel="{Boolean}true"
                                            uploadUrl="/tmp/upload_test/*"/>
                                </items>
                            </column>
                        </items>
                    </packshot>
                    <additional
                            jcr:primaryType="nt:unstructured"
                            jcr:title="Additional settings"
                            sling:resourceType="granite/ui/components/foundation/section">
                        <layout
                                jcr:primaryType="nt:unstructured"
                                sling:resourceType="granite/ui/components/foundation/layouts/fixedcolumns"
                                margin="{Boolean}false"/>
                        <items jcr:primaryType="nt:unstructured">
                            <column
                                    jcr:primaryType="nt:unstructured"
                                    sling:resourceType="granite/ui/components/foundation/container">
                                <items jcr:primaryType="nt:unstructured">
                                    <title
                                            jcr:primaryType="nt:unstructured"
                                            sling:resourceType="granite/ui/components/coral/foundation/form/textfield"
                                            fieldDescription="Additional title above the image"
                                            fieldLabel="Title"
                                            name="./title"/>
                                    <imagealign
                                            jcr:primaryType="nt:unstructured"
                                            sling:resourceType="granite/ui/components/coral/foundation/form/select"
                                            fieldLabel="Image alignment"
                                            fieldDescription="Select where the image should be aligned when resizing the browser window (e.g. 'left' will cut off image from the right first)"
                                            name="./imageAlignment">
                                        <items jcr:primaryType="nt:unstructured">
                                            <default
                                                    jcr:primaryType="nt:unstructured"
                                                    text="Standard (Centered)"
                                                    value=""/>
                                            <center
                                                    jcr:primaryType="nt:unstructured"
                                                    text="Center"
                                                    value="center"/>
                                            <left
                                                    jcr:primaryType="nt:unstructured"
                                                    text="Left"
                                                    value="left"/>
                                            <right
                                                    jcr:primaryType="nt:unstructured"
                                                    text="Right"
                                                    value="right"/>
                                        </items>
                                    </imagealign>
                                </items>
                            </column>
                        </items>
                    </additional>
                </items>
            </tabs>
        </items>
    </content>
</jcr:root>

