<?xml version="1.0" encoding="UTF-8"?>
<jcr:root xmlns:sling="http://sling.apache.org/jcr/sling/1.0" xmlns:cq="http://www.day.com/jcr/cq/1.0"
          xmlns:jcr="http://www.jcp.org/jcr/1.0" xmlns:nt="http://www.jcp.org/jcr/nt/1.0"
          jcr:primaryType="nt:unstructured"
          sling:resourceType="cq/gui/components/authoring/dialog">
    <content
            jcr:primaryType="nt:unstructured"
            sling:resourceType="granite/ui/components/foundation/container">
        <layout
                jcr:primaryType="nt:unstructured"
                sling:resourceType="granite/ui/components/foundation/layouts/tabs"
                type="nav"/>
        <items jcr:primaryType="nt:unstructured">
            <pageteaserbig
                    jcr:primaryType="nt:unstructured"
                    jcr:title="Teaser (Landscape)"
                    sling:resourceType="granite/ui/components/foundation/container">
                <layout
                        jcr:primaryType="nt:unstructured"
                        sling:resourceType="granite/ui/components/foundation/layouts/fixedcolumns"/>
                <items jcr:primaryType="nt:unstructured">
                    <columns
                            jcr:primaryType="nt:unstructured"
                            sling:resourceType="granite/ui/components/foundation/container">
                        <items jcr:primaryType="nt:unstructured">
                            <teaserimgattributes
                                    jcr:primaryType="nt:unstructured"
                                    jcr:title="pageteaserbig_imgattributes"
                                    sling:resourceType="granite/ui/components/foundation/form/fieldset"
                                    title="pageteaserbig_imgattributes">
                                <items jcr:primaryType="nt:unstructured">
                                    <imgalt
                                            jcr:primaryType="nt:unstructured"
                                            sling:resourceType="granite/ui/components/foundation/form/textfield"
                                            fieldLabel="imgalt_dlglabel"
                                            name="./teaser/pageteaserbig/imageprops/alt"
                                            id="imgalt-pageteaserbig"/>
                                    <imgtitle
                                            jcr:primaryType="nt:unstructured"
                                            sling:resourceType="granite/ui/components/foundation/form/textfield"
                                            fieldLabel="imgtitle_dlglabel"
                                            name="./teaser/pageteaserbig/imageprops/title"
                                            id="imgtitle-pageteaserbig"/>
                                </items>
                            </teaserimgattributes>
                            <teaserimage
                                    jcr:primaryType="nt:unstructured"
                                    jcr:title="pageteaserbig_image"
                                    sling:resourceType="granite/ui/components/foundation/form/fieldset">
                                <items jcr:primaryType="nt:unstructured">
                                    <teaserimage
                                            jcr:primaryType="nt:unstructured"
                                            sling:resourceType="granite/ui/components/foundation/form/pathbrowser"
                                            rootPath="/content/dam"
                                            name="./teaser/pageteaserbig/image/fileReference"
                                            requestSuffix="/teaser/pageteaserbig/image.img.png"
                                            title="pageprops_teaserimage"/>
                                    <resType
                                            jcr:primaryType="nt:unstructured"
                                            sling:resourceType="granite/ui/components/foundation/form/hidden"
                                            ignoreData="{Boolean}true"
                                            name="./teaser/pageteaserbig/image/sling:resourceType"
                                            value="foundation/components/image"/>
                                </items>
                            </teaserimage>
                            <headline
                                    jcr:primaryType="nt:unstructured"
                                    sling:resourceType="granite/ui/components/foundation/form/hidden"
                                    name="./teaser/pageteaserbig/headline"
                                    id="headline-pageteaserbig"/>
                            <teasertext
                                    jcr:primaryType="nt:unstructured"
                                    sling:resourceType="granite/ui/components/foundation/form/hidden"
                                    name="./teaser/pageteaserbig/teasertext"
                                    id="teasertext-pageteaserbig"/>
                            <teaserlinktext
                                    jcr:primaryType="nt:unstructured"
                                    sling:resourceType="granite/ui/components/foundation/form/hidden"
                                    name="./teaser/pageteaserbig/linktext"
                                    id="linktext-pageteaserbig"/>
                        </items>
                    </columns>
                </items>
            </pageteaserbig>
        </items>
    </content>
</jcr:root>
