<?xml version="1.0" encoding="UTF-8"?>
<jcr:root xmlns:sling="http://sling.apache.org/jcr/sling/1.0" xmlns:cq="http://www.day.com/jcr/cq/1.0"
          xmlns:jcr="http://www.jcp.org/jcr/1.0" xmlns:nt="http://www.jcp.org/jcr/nt/1.0"
          jcr:primaryType="nt:unstructured"
          sling:resourceType="cq/gui/components/authoring/dialog">
    <content
            jcr:primaryType="nt:unstructured"
            sling:resourceType="granite/ui/components/foundation/container">
        <layout
                jcr:primaryType="nt:unstructured"
                sling:resourceType="granite/ui/components/foundation/layouts/tabs"
                type="nav"/>
        <items jcr:primaryType="nt:unstructured">
            <hugelandscape
                    jcr:primaryType="nt:unstructured"
                    jcr:title="Huge Landscape Teaser"
                    sling:resourceType="granite/ui/components/foundation/container">
                <layout
                        jcr:primaryType="nt:unstructured"
                        sling:resourceType="granite/ui/components/foundation/layouts/fixedcolumns"/>
                <items jcr:primaryType="nt:unstructured">
                    <columns
                            jcr:primaryType="nt:unstructured"
                            sling:resourceType="granite/ui/components/foundation/container">
                        <items jcr:primaryType="nt:unstructured">
                            <stagethumbnail
                                    jcr:primaryType="nt:unstructured"
                                    jcr:title="Huge Landscape Teaser"
                                    sling:resourceType="granite/ui/components/foundation/form/fieldset">
                                <items jcr:primaryType="nt:unstructured">
                                    <teaserimage
                                            jcr:primaryType="nt:unstructured"
                                            sling:resourceType="granite/ui/components/foundation/form/pathbrowser"
                                            rootPath="/content/dam"
                                            name="./teaser/hugelandscape/image/fileReference"
                                            title="Image"/>
                                    <resType
                                            jcr:primaryType="nt:unstructured"
                                            sling:resourceType="granite/ui/components/foundation/form/hidden"
                                            ignoreData="{Boolean}true"
                                            name="./teaser/hugelandscape/image/sling:resourceType"
                                            value="foundation/components/image"/>
                                </items>
                            </stagethumbnail>
                        </items>
                    </columns>
                </items>
            </hugelandscape>
        </items>
    </content>
</jcr:root>
