<?xml version="1.0" encoding="UTF-8"?>
<jcr:root xmlns:sling="http://sling.apache.org/jcr/sling/1.0" xmlns:cq="http://www.day.com/jcr/cq/1.0" xmlns:jcr="http://www.jcp.org/jcr/1.0"
    jcr:description=""
    jcr:primaryType="cq:Tag"
    jcr:title="Quiz"
    sling:resourceType="cq/tagging/components/tag">
    <gender/>
    <type/>
    <length/>
    <condition/>
    <hair-ends/>
    <scalp/>
    <style/>
    <no-style/>
    <hair-style/>
    <current-colour/>
    <coloured/>
    <imagine-colour/>
</jcr:root>
