<?xml version="1.0" encoding="UTF-8"?>
<jcr:root xmlns:sling="http://sling.apache.org/jcr/sling/1.0" xmlns:cq="http://www.day.com/jcr/cq/1.0"
          xmlns:jcr="http://www.jcp.org/jcr/1.0" xmlns:nt="http://www.jcp.org/jcr/nt/1.0"
          jcr:primaryType="nt:unstructured"
          jcr:title="Page"
          sling:resourceType="cq/gui/components/authoring/dialog"
          extraClientlibs="[cq.common.wcm,cq.siteadmin.admin.properties]"
          mode="edit">
    <content jcr:primaryType="nt:unstructured">
        <items jcr:primaryType="nt:unstructured">
            <tabs jcr:primaryType="nt:unstructured">
                <items jcr:primaryType="nt:unstructured">
                    <redirect
                            jcr:primaryType="nt:unstructured"
                            jcr:title="Redirect"
                            sling:resourceType="granite/ui/components/foundation/section">
                        <layout
                                jcr:primaryType="nt:unstructured"
                                sling:resourceType="granite/ui/components/foundation/layouts/fixedcolumns"/>
                        <items jcr:primaryType="nt:unstructured">
                            <columns
                                    jcr:primaryType="nt:unstructured"
                                    sling:resourceType="granite/ui/components/foundation/container">
                                <items jcr:primaryType="nt:unstructured">
                                    <redirect
                                            jcr:primaryType="nt:unstructured"
                                            sling:resourceType="granite/ui/components/foundation/form/fieldset">
                                        <items jcr:primaryType="nt:unstructured">
                                            <redirect
                                                    jcr:primaryType="nt:unstructured"
                                                    sling:resourceType="granite/ui/components/foundation/form/pathbrowser"
                                                    fieldLabel="Redirect"
                                                    name="./redirectTarget"/>
                                            <redirectiontype
                                                    jcr:primaryType="nt:unstructured"
                                                    sling:resourceType="granite/ui/components/coral/foundation/form/select"
                                                    fieldLabel="system_redirect_type_dlglabel"
                                                    fieldDescription="system_redirect_type_desc"
                                                    name="./redirectType"
                                                    defaultValue="302">
                                                <items jcr:primaryType="nt:unstructured">
                                                    <temporary
                                                            jcr:primaryType="nt:unstructured"
                                                            text="redirect_type_temporary"
                                                            value="302"/>
                                                    <permanent
                                                            jcr:primaryType="nt:unstructured"
                                                            text="redirect_type_permanent"
                                                            value="301"/>
                                                </items>
                                            </redirectiontype>
                                        </items>
                                    </redirect>
                                </items>
                            </columns>
                        </items>
                    </redirect>
                </items>
            </tabs>
        </items>
    </content>
</jcr:root>

