<?xml version="1.0" encoding="UTF-8"?>
<jcr:root xmlns:sling="http://sling.apache.org/jcr/sling/1.0" xmlns:cq="http://www.day.com/jcr/cq/1.0"
          xmlns:jcr="http://www.jcp.org/jcr/1.0" xmlns:nt="http://www.jcp.org/jcr/nt/1.0"
          jcr:primaryType="nt:unstructured"
          jcr:title="Edit Component"
          sling:resourceType="cq/gui/components/authoring/dialog">
    <content
            jcr:primaryType="nt:unstructured"
            sling:resourceType="granite/ui/components/foundation/container">
        <items jcr:primaryType="nt:unstructured">
            <tabs
                    jcr:primaryType="nt:unstructured"
                    sling:resourceType="granite/ui/components/foundation/container">
                <layout
                        jcr:primaryType="nt:unstructured"
                        sling:resourceType="granite/ui/components/foundation/layouts/tabs"
                        type="nav"/>
                <items jcr:primaryType="nt:unstructured">
                    <headlines
                            jcr:primaryType="nt:unstructured"
                            sling:resourceType="granite/ui/components/foundation/include"
                            path="/apps/base/dialogs/tabs/headline/cq:dialog/content/items/headlines">
                    </headlines>
                    <richtext
                            jcr:primaryType="nt:unstructured"
                            sling:resourceType="granite/ui/components/foundation/include"
                            path="/apps/base/dialogs/tabs/richtext/cq:dialog/content/items/richtext">
                    </richtext>
                    <image
                            jcr:primaryType="nt:unstructured"
                            sling:resourceType="granite/ui/components/foundation/include"
                            path="/apps/base/dialogs/tabs/image/cq:dialog/content/items/image">
                    </image>
                    <imageprops
                            jcr:primaryType="nt:unstructured"
                            sling:resourceType="granite/ui/components/foundation/include"
                            path="/apps/base/dialogs/tabs/image_properties/cq:dialog/content/items/imageprops">
                    </imageprops>
                    <linktab
                            jcr:primaryType="nt:unstructured"
                            sling:resourceType="granite/ui/components/foundation/include"
                            path="/apps/base/dialogs/tabs/link/cq:dialog/content/items/link">
                    </linktab>
                    <appslinks
                            jcr:primaryType="nt:unstructured"
                            sling:resourceType="granite/ui/components/foundation/include"
                            path="/apps/base/dialogs/tabs/appslinks/cq:dialog/content/items/appslinks">
                    </appslinks>
                    <layouts
                            jcr:primaryType="nt:unstructured"
                            jcr:title="textimage_layout_dlgtab"
                            sling:resourceType="granite/ui/components/foundation/section">
                        <layout
                                jcr:primaryType="nt:unstructured"
                                sling:resourceType="granite/ui/components/foundation/layouts/fixedcolumns"
                                margin="{Boolean}false"/>
                        <items jcr:primaryType="nt:unstructured">
                            <column
                                    jcr:primaryType="nt:unstructured"
                                    sling:resourceType="granite/ui/components/foundation/container">
                                <items jcr:primaryType="nt:unstructured">
                                    <linkCss
                                            jcr:primaryType="nt:unstructured"
                                            sling:resourceType="granite/ui/components/coral/foundation/form/checkbox"
                                            text="Align image right"
                                            fieldDescription="Activate to align image right (default left)"
                                            inputValue="{Boolean}false"
                                            value="true"
                                            name="./alignRight"/>
                                </items>
                            </column>
                        </items>
                    </layouts>
                </items>
            </tabs>
        </items>
    </content>
</jcr:root>
