<?xml version="1.0" encoding="UTF-8"?>
<jcr:root xmlns:sling="http://sling.apache.org/jcr/sling/1.0" xmlns:cq="http://www.day.com/jcr/cq/1.0"
          xmlns:jcr="http://www.jcp.org/jcr/1.0" xmlns:nt="http://www.jcp.org/jcr/nt/1.0"
          jcr:primaryType="nt:unstructured"
          jcr:title="Intro Block"
          sling:resourceType="cq/gui/components/authoring/dialog">
    <content
            jcr:primaryType="nt:unstructured"
            sling:resourceType="granite/ui/components/foundation/container">
        <items jcr:primaryType="nt:unstructured">
            <tabs
                    jcr:primaryType="nt:unstructured"
                    sling:resourceType="granite/ui/components/foundation/container">
                <layout
                        jcr:primaryType="nt:unstructured"
                        sling:resourceType="granite/ui/components/foundation/layouts/tabs"
                        type="nav"/>
                <items jcr:primaryType="nt:unstructured">
                    <introblock
                            jcr:primaryType="nt:unstructured"
                            sling:resourceType="granite/ui/components/foundation/container"
                            jcr:title="Intro Block">
                        <items jcr:primaryType="nt:unstructured">
                            <headlines
                                    jcr:primaryType="nt:unstructured"
                                    sling:resourceType="granite/ui/components/foundation/include"
                                    path="/apps/base/dialogs/elements/headline/cq:dialog/content/items/headlines">
                            </headlines>
                            <richtext
                                    jcr:primaryType="nt:unstructured"
                                    sling:resourceType="cq/gui/components/authoring/dialog/richtext"
                                    sling:resourceSuperType="/apps/base/dialogs/elements/richtextintroblock/cq:dialog/content/items/richtext"
                                    fieldLabel="Richtext"
                                    name="./richtext"
                                    useFixedInlineToolbar="{Boolean}true"/>
                            <premium
                                    jcr:primaryType="nt:unstructured"
                                    sling:resourceType="granite/ui/components/foundation/form/textfield"
                                    defaultValue="Premium"
                                    fieldLabel="Premium Label"
                                    name="./premiumText"/>
                            <message
                                    jcr:primaryType="nt:unstructured"
                                    sling:resourceType="granite/ui/components/foundation/form/textfield"
                                    defaultValue="Vielen Dank für die Registrierung und viel Freude beim Lesen."
                                    fieldLabel="Premium Message Label"
                                    name="./premiumMessage"/>
                        </items>
                    </introblock>
                </items>
            </tabs>
        </items>
    </content>
</jcr:root>
