<?xml version="1.0" encoding="UTF-8"?>
<jcr:root xmlns:sling="http://sling.apache.org/jcr/sling/1.0" xmlns:cq="http://www.day.com/jcr/cq/1.0"
          xmlns:jcr="http://www.jcp.org/jcr/1.0" xmlns:nt="http://www.jcp.org/jcr/nt/1.0"
          jcr:primaryType="nt:unstructured"
          sling:resourceType="cq/gui/components/authoring/dialog"
          jcr:title="Edit Component">

    <content
            jcr:primaryType="nt:unstructured"
            sling:resourceType="granite/ui/components/coral/foundation/tabs">
        <items jcr:primaryType="nt:unstructured">
            <general
                    jcr:primaryType="nt:unstructured"
                    jcr:title="General"
                    sling:resourceType="granite/ui/components/coral/foundation/fixedcolumns">
                <items jcr:primaryType="nt:unstructured">
                    <column
                            jcr:primaryType="nt:unstructured"
                            sling:resourceType="granite/ui/components/foundation/container">
                        <items jcr:primaryType="nt:unstructured">
                            <title
                                    jcr:primaryType="nt:unstructured"
                                    sling:resourceType="granite/ui/components/coral/foundation/form/textfield"
                                    disabled="false"
                                    fieldLabel="Title"
                                    name="./jcr:title"/>
                            <teaserText
                                    jcr:primaryType="nt:unstructured"
                                    sling:resourceType="granite/ui/components/coral/foundation/form/textarea"
                                    disabled="false"
                                    fieldDescription="Teaser text describing the product briefly (e.g. in the productline overview)"
                                    fieldLabel="Short description"
                                    name="./teaserText"/>
                            <productPagePath
                                    jcr:primaryType="nt:unstructured"
                                    sling:resourceType="granite/ui/components/coral/foundation/form/pathfield"
                                    disabled="false"
                                    fieldDescription="Path of the product detail page which is presenting this product"
                                    fieldLabel="Product page"
                                    name="./productPagePath"
                                    rootPath="/content"/>
                        </items>
                    </column>
                </items>
            </general>
            <meta
                    jcr:primaryType="nt:unstructured"
                    jcr:title="Meta"
                    sling:resourceType="granite/ui/components/coral/foundation/fixedcolumns">
                <items jcr:primaryType="nt:unstructured">
                    <column
                            jcr:primaryType="nt:unstructured"
                            sling:resourceType="granite/ui/components/foundation/container">
                        <items jcr:primaryType="nt:unstructured">
                            <shadeNumber
                                    jcr:primaryType="nt:unstructured"
                                    sling:resourceType="granite/ui/components/coral/foundation/form/textfield"
                                    disabled="false"
                                    fieldDescription="Shade number for colorations (e.g. 842 or 10.19)"
                                    fieldLabel="Shade Number"
                                    name="./shadeNumber"/>
                            <farbfinderButton
                                jcr:primaryType="nt:unstructured"
                                sling:resourceType="granite/ui/components/coral/foundation/form/textfield"
                                disabled="false"
                                fieldDescription="Farb Finder Button Label (if void it will not show)"
                                fieldLabel="Farb Finder Button"
                                name="./farbfinderButton"/>
                            <gtin
                                    jcr:primaryType="nt:unstructured"
                                    sling:resourceType="granite/ui/components/coral/foundation/form/numberfield"
                                    fieldDescription="GTIN (14 digits or shorter, e.g. EAN-13/8 or UPC)"
                                    fieldLabel="GTIN"
                                    name="./gtin"/>
                            <asin
                                    jcr:primaryType="nt:unstructured"
                                    sling:resourceType="granite/ui/components/coral/foundation/form/textfield"
                                    fieldDescription="Amazon Standard Idenfication Number"
                                    fieldLabel="ASIN"
                                    name="./asin"/>
                            <tags
                                    jcr:primaryType="nt:unstructured"
                                    sling:resourceType="cq/gui/components/coral/common/form/tagfield"
                                    disabled="false"
                                    fieldLabel="Tags"
                                    multiple="{Boolean}true"
                                    rootPath="/etc/tags/schwarzkopf"
                                    name="./tags"/>
                        </items>
                    </column>
                </items>
            </meta>
            <packshot
                    jcr:primaryType="nt:unstructured"
                    jcr:title="Packshot"
                    sling:resourceType="granite/ui/components/coral/foundation/fixedcolumns">
                <items jcr:primaryType="nt:unstructured">
                    <column
                            jcr:primaryType="nt:unstructured"
                            sling:resourceType="granite/ui/components/foundation/container">
                        <items jcr:primaryType="nt:unstructured">
                            <packshot
                                    jcr:primaryType="nt:unstructured"
                                    sling:resourceType="granite/ui/components/foundation/form/fileupload"
                                    allowFileReference="{Boolean}true"
                                    allowUpload="{Boolean}false"
                                    mimeTypes="[image]"
                                    fileNameParameter="./packshot/fileName"
                                    fileReferenceParameter="./packshot/fileReference"
                                    name="./packshot/file"
                                    title="Packshot"
                                    uploadUrl="/tmp/upload_test/*"
                                    useHTML5="{Boolean}true"
                                    hideLabel="{Boolean}true"
                                    disableZoom="{Boolean}true"/>
                        </items>
                    </column>
                </items>
            </packshot>
            <shade
                    jcr:primaryType="nt:unstructured"
                    jcr:title="Shade"
                    sling:resourceType="granite/ui/components/coral/foundation/fixedcolumns">
                <items jcr:primaryType="nt:unstructured">
                    <column
                            jcr:primaryType="nt:unstructured"
                            sling:resourceType="granite/ui/components/foundation/container">
                        <items jcr:primaryType="nt:unstructured">
                            <shade
                                    jcr:primaryType="nt:unstructured"
                                    sling:resourceType="granite/ui/components/foundation/form/fileupload"
                                    allowFileReference="{Boolean}true"
                                    allowUpload="{Boolean}false"
                                    mimeTypes="[image]"
                                    fileNameParameter="./shade/fileName"
                                    fileReferenceParameter="./shade/fileReference"
                                    name="./shade/file"
                                    title="Shade"
                                    uploadUrl="/tmp/upload_test/*"
                                    useHTML5="{Boolean}true"
                                    hideLabel="{Boolean}true"
                                    disableZoom="{Boolean}true"/>
                        </items>
                    </column>
                </items>
            </shade>
            <colorationPath
                    jcr:primaryType="nt:unstructured"
                    jcr:title="Coloration"
                    sling:resourceType="granite/ui/components/coral/foundation/fixedcolumns">
                <items jcr:primaryType="nt:unstructured">
                    <column
                            jcr:primaryType="nt:unstructured"
                            sling:resourceType="granite/ui/components/foundation/container">
                        <items jcr:primaryType="nt:unstructured">
                            <multifieldcoloration
                                    jcr:primaryType="nt:unstructured"
                                    sling:resourceType="granite/ui/components/coral/foundation/form/multifield"
                                    class="full-width"
                                    composite="{Boolean}true"
                                    fieldLabel="Color Paths">
                                <field
                                        jcr:primaryType="nt:unstructured"
                                        sling:resourceType="granite/ui/components/coral/foundation/container"
                                        name="./colorationPaths">
                                    <layout
                                            jcr:primaryType="nt:unstructured"
                                            sling:resourceType="granite/ui/components/foundation/layouts/fixedcolumns"
                                            method="absolute"/>
                                    <items jcr:primaryType="nt:unstructured">
                                        <NaturalHaircolor
                                                jcr:primaryType="nt:unstructured"
                                                sling:resourceType="cq/gui/components/coral/common/form/tagfield"
                                                disabled="false"
                                                fieldLabel="Natural Haircolor(s)"
                                                multiple="{Boolean}true"
                                                rootPath="/etc/tags/schwarzkopf"
                                                name="./natural"/>
                                        <TargetHaircolor
                                                jcr:primaryType="nt:unstructured"
                                                sling:resourceType="cq/gui/components/coral/common/form/tagfield"
                                                disabled="false"
                                                fieldLabel="Tags"
                                                multiple="{Boolean}true"
                                                rootPath="/etc/tags/schwarzkopf"
                                                name="./targets"/>
                                    </items>
                                </field>
                            </multifieldcoloration>
                        </items>
                    </column>
                </items>
            </colorationPath>
            <choicifyapplication
                    jcr:primaryType="nt:unstructured"
                    jcr:title="Choicify Application"
                    sling:resourceType="granite/ui/components/coral/foundation/fixedcolumns">
                <items jcr:primaryType="nt:unstructured">
                    <column
                            jcr:primaryType="nt:unstructured"
                            sling:resourceType="granite/ui/components/foundation/container">
                        <items jcr:primaryType="nt:unstructured">
                            <choicifycolorpaths
                                    jcr:primaryType="nt:unstructured"
                                    jcr:title="Choicify Color Paths"
                                    sling:resourceType="granite/ui/components/foundation/form/fieldset">
                                <items jcr:primaryType="nt:unstructured">
                                    <multifielchoicifycolorpaths
                                            jcr:primaryType="nt:unstructured"
                                            sling:resourceType="granite/ui/components/coral/foundation/form/multifield"
                                            class="full-width"
                                            composite="{Boolean}true"
                                            fieldLabel="naturalHairColor">
                                        <field
                                                jcr:primaryType="nt:unstructured"
                                                sling:resourceType="granite/ui/components/coral/foundation/container"
                                                name="./choicify/colorationPaths">
                                            <layout
                                                    jcr:primaryType="nt:unstructured"
                                                    sling:resourceType="granite/ui/components/foundation/layouts/fixedcolumns"
                                                    method="absolute"/>
                                            <items jcr:primaryType="nt:unstructured">
                                                <choicifynaturalHairColor
                                                        jcr:primaryType="nt:unstructured"
                                                        sling:resourceType="cq/gui/components/coral/common/form/tagfield"
                                                        disabled="false"
                                                        fieldLabel="Natural Hair Color"
                                                        multiple="{Boolean}true"
                                                        rootPath="/etc/tags/choicify"
                                                        name="./naturalHairColor"/>
                                                <choicifynaturalHairShade
                                                        jcr:primaryType="nt:unstructured"
                                                        sling:resourceType="cq/gui/components/coral/common/form/tagfield"
                                                        disabled="false"
                                                        fieldLabel="Natural Hair Shade"
                                                        multiple="{Boolean}true"
                                                        rootPath="/etc/tags/choicify"
                                                        name="./naturalHairShade"/>
                                                <choicifytargetHairColor
                                                        jcr:primaryType="nt:unstructured"
                                                        sling:resourceType="cq/gui/components/coral/common/form/tagfield"
                                                        disabled="false"
                                                        fieldLabel="Target Hair Color"
                                                        multiple="{Boolean}true"
                                                        rootPath="/etc/tags/choicify"
                                                        name="./targetHairColor"/>
                                                <choicifytargetHairShade
                                                        jcr:primaryType="nt:unstructured"
                                                        sling:resourceType="cq/gui/components/coral/common/form/tagfield"
                                                        disabled="false"
                                                        fieldLabel="Target Hair Shade"
                                                        multiple="{Boolean}true"
                                                        rootPath="/etc/tags/choicify"
                                                        name="./targetHairShade"/>

                                            </items>
                                        </field>
                                    </multifielchoicifycolorpaths>
                                </items>
                            </choicifycolorpaths>
                            <choiciyfilters
                                    jcr:primaryType="nt:unstructured"
                                    jcr:title="Choicify Filters"
                                    sling:resourceType="granite/ui/components/foundation/form/fieldset">
                                <items jcr:primaryType="nt:unstructured">
                                    <brands
                                            jcr:primaryType="nt:unstructured"
                                            sling:resourceType="cq/gui/components/coral/common/form/tagfield"
                                            disabled="false"
                                            fieldLabel="Brands"
                                            multiple="{Boolean}true"
                                            rootPath="/etc/tags/choicify"
                                            name="./choicify/filters/brand"/>
                                    <newproduct
                                            jcr:primaryType="nt:unstructured"
                                            sling:resourceType="cq/gui/components/coral/common/form/tagfield"
                                            disabled="false"
                                            fieldLabel="New Product"
                                            multiple="{Boolean}true"
                                            rootPath="/etc/tags/choicify"
                                            name="./choicify/filters/newProduct"/>
                                    <typeofcolor
                                            jcr:primaryType="nt:unstructured"
                                            sling:resourceType="cq/gui/components/coral/common/form/tagfield"
                                            disabled="false"
                                            fieldLabel="Type Of Color"
                                            multiple="{Boolean}true"
                                            rootPath="/etc/tags/choicify"
                                            name="./choicify/filters/typeOfColor"/>
                                    <discount
                                            jcr:primaryType="nt:unstructured"
                                            sling:resourceType="cq/gui/components/coral/common/form/tagfield"
                                            disabled="false"
                                            fieldLabel="Discount"
                                            multiple="{Boolean}true"
                                            rootPath="/etc/tags/choicify"
                                            name="./choicify/filters/discount"/>
                                    <durability
                                            jcr:primaryType="nt:unstructured"
                                            sling:resourceType="cq/gui/components/coral/common/form/tagfield"
                                            disabled="false"
                                            fieldLabel="Durability"
                                            multiple="{Boolean}true"
                                            rootPath="/etc/tags/choicify"
                                            name="./choicify/filters/durability"/>

                                </items>
                            </choiciyfilters>
                            <productdetail
                                    jcr:primaryType="nt:unstructured"
                                    jcr:title="Choicify Filters"
                                    sling:resourceType="granite/ui/components/foundation/form/fieldset">
                                <items jcr:primaryType="nt:unstructured">
                                    <retailsPrice
                                            jcr:primaryType="nt:unstructured"
                                            sling:resourceType="granite/ui/components/foundation/form/checkbox"
                                            text="Suggested retail price"
                                            value="true"
                                            name="./choicify/productdetails/suggestedRetailsPrice"/>
                                    <selectedStoreOnly
                                            jcr:primaryType="nt:unstructured"
                                            sling:resourceType="granite/ui/components/foundation/form/checkbox"
                                            text="Only in selected stores"
                                            value="true"
                                            name="./choicify/productdetails/selectedStoreOnly"/>
                                </items>
                            </productdetail>
                        </items>
                    </column>
                </items>
            </choicifyapplication>
        </items>
    </content>
</jcr:root>
