<?xml version="1.0" encoding="UTF-8"?>
<jcr:root xmlns:sling="http://sling.apache.org/jcr/sling/1.0" xmlns:cq="http://www.day.com/jcr/cq/1.0" xmlns:jcr="http://www.jcp.org/jcr/1.0" xmlns:nt="http://www.jcp.org/jcr/nt/1.0"
    jcr:primaryType="nt:unstructured"
    sling:resourceType="cq/gui/components/authoring/dialog">
    <content jcr:primaryType="nt:unstructured">
        <items jcr:primaryType="nt:unstructured">
            <tabs jcr:primaryType="nt:unstructured">
                <items jcr:primaryType="nt:unstructured">

                <BaazarVoice
                    jcr:primaryType="nt:unstructured"
                    jcr:title="BazaarVoice Configuration"
                    sling:resourceType="granite/ui/components/coral/foundation/fixedcolumns">
                    <items jcr:primaryType="nt:unstructured">
                        <column
                            jcr:primaryType="nt:unstructured"
                            sling:resourceType="granite/ui/components/foundation/container">
                            <items jcr:primaryType="nt:unstructured">
                                <advanced
                                    jcr:primaryType="nt:unstructured"
                                    sling:resourceType="granite/ui/components/coral/foundation/form/fieldset">
                                    <items jcr:primaryType="nt:unstructured">
                                        <bvclient
                                            jcr:primaryType="nt:unstructured"
                                            sling:resourceType="granite/ui/components/coral/foundation/form/textfield"
                                            fieldLabel="BazaarVoice client"
                                            name="./BazaarVoice_Client"/>
                                        <bvsite
                                            jcr:primaryType="nt:unstructured"
                                            sling:resourceType="granite/ui/components/coral/foundation/form/textfield"
                                            fieldLabel="BazaarVoice Site"
                                            name="./BazaarVoice_Site"/>
                                        <isProduction
                                            jcr:primaryType="nt:unstructured"
                                            sling:resourceType="granite/ui/components/coral/foundation/form/checkbox"
                                            fieldLabel="is Production Review"
                                            name="./isProduction"
                                            text="is Production Review"
                                            value="false"/>
                                    </items>
                                </advanced>
                            </items>
                        </column>
                    </items>
                </BaazarVoice>
                </items></tabs></items></content></jcr:root>

