<?xml version="1.0" encoding="UTF-8"?>
<!-- 

Usage:

<carouselteaser
   jcr:primaryType="cq:Widget"   
   path="/apps/schwarzkopf_v2/components/DIALOG/tabs/carouselteaser.infinity.json"
   xtype="cqinclude"/>

--><jcr:root 
    xmlns:cq="http://www.day.com/jcr/cq/1.0" 
    xmlns:jcr="http://www.jcp.org/jcr/1.0"
    jcr:primaryType="cq:Widget"
    title="Teaser (Square)"
    anchor="100%"
    xtype="panel">
    <items 
        jcr:primaryType="cq:WidgetCollection">
        <teaserimgattributes
            jcr:primaryType="cq:Widget"
            collapsed="{Boolean}false"
            collapsible="{Boolean}true"
            title="teasercarousel_imgattributes"
            xtype="dialogfieldset">
            <items 
                jcr:primaryType="cq:WidgetCollection">
                <imgalt
                    jcr:primaryType="cq:Widget"
                    fieldLabel="imgalt_dlglabel"
                    name="./teaser/teasercarousel/imageprops/alt"
                    id="imgalt-teasercarousel"
                    enableKeyEvents="true"
                    xtype="textfield" />
                <imgtitle
                    jcr:primaryType="cq:Widget"
                    fieldLabel="imgtitle_dlglabel"
                    name="./teaser/teasercarousel/imageprops/title"
                    id="imgtitle-teasercarousel"
                    enableKeyEvents="true"
                    xtype="textfield" />
            </items>
        </teaserimgattributes>
        <teaserimage
            jcr:primaryType="cq:Widget"
            collapsed="{Boolean}false"
            collapsible="{Boolean}true"
            title="teasercarousel_image"
            xtype="dialogfieldset">
            <items 
                jcr:primaryType="cq:WidgetCollection">
                <teaserimage
                    jcr:primaryType="cq:Widget"
                    allowFileReference="true"
                    allowUpload="false"
                    height="300"
                    ddAccept="[image/(gif|jpeg|png|jpg|pjpeg)]"
                    ddGroups="[media]"
                    fileNameParameter="./teaser/teasercarousel/image/fileName"
                    fileReferenceParameter="./teaser/teasercarousel/image/fileReference"
                    autoHeight="false"
                    name="./teaser/teasercarousel/image/file"
                    requestSuffix="/teaser/teasercarousel/image.img.png"
                    disableZoom="{Boolean}true"
                    hideLabel="{Boolean}true"
                    title="pageprops_teaserimage"
                    xtype="html5smartimage"/>
                <resType
                    jcr:primaryType="cq:Widget"
                    ignoreData="{Boolean}true"
                    name="./teaser/teasercarousel/image/sling:resourceType"
                    value="foundation/components/image"
                    xtype="hidden"/>
            </items>
        </teaserimage>
    </items>
</jcr:root>