<?xml version="1.0" encoding="UTF-8"?>
<!-- 

Usage:

<doubleclick
   jcr:primaryType="cq:Widget"   
   path="/apps/schwarzkopf_v2/components/DIALOG/tabs/classic/doubleclick.infinity.json"
   xtype="cqinclude"/>

--><jcr:root 
    xmlns:cq="http://www.day.com/jcr/cq/1.0" 
    xmlns:jcr="http://www.jcp.org/jcr/1.0"
    jcr:primaryType="cq:Widget"
    title="DoubleClick"
    anchor="100%"
    xtype="panel">
    <items
        jcr:primaryType="cq:WidgetCollection">
        <doubleclick
            jcr:primaryType="cq:Widget"
            collapsed="{Boolean}false"
            collapsible="{Boolean}true"
            title="DoubleClick properties (inherited)"
            xtype="dialogfieldset">
            <items 
                jcr:primaryType="cq:WidgetCollection">
                <src jcr:primaryType="cq:Widget" fieldLabel="src" name="./doubleclick-src" xtype="textfield"/>
                <type jcr:primaryType="cq:Widget" fieldLabel="type" name="./doubleclick-type" xtype="textfield"/>
                <cat jcr:primaryType="cq:Widget" fieldLabel="cat" name="./doubleclick-cat" xtype="textfield"/>
                <tagtype jcr:primaryType="cq:Widget" fieldLabel="tagtype" name="./doubleclick-tagtype" xtype="textfield"/>
                <u1 jcr:primaryType="cq:Widget" fieldLabel="u1" name="./doubleclick-u1" xtype="textfield"/>
                <u2 jcr:primaryType="cq:Widget" fieldLabel="u2" name="./doubleclick-u2" xtype="textfield"/>
                <u3 jcr:primaryType="cq:Widget" fieldLabel="u3" name="./doubleclick-u3" xtype="textfield"/>
                <u4 jcr:primaryType="cq:Widget" fieldLabel="u4" name="./doubleclick-u4" xtype="textfield"/>
                <u5 jcr:primaryType="cq:Widget" fieldLabel="u5" name="./doubleclick-u5" xtype="textfield"/>
                <u6 jcr:primaryType="cq:Widget" fieldLabel="u6" name="./doubleclick-u6" xtype="textfield"/>
            </items>
        </doubleclick>
    </items>
</jcr:root>