<?xml version="1.0" encoding="UTF-8"?>
<!-- 

Usage:

<pageteaserbig
   jcr:primaryType="cq:Widget"   
   path="/apps/schwarzkopf_v2/components/DIALOG/tabs/pageteaserbig.infinity.json"
   xtype="cqinclude"/>

--><jcr:root 
    xmlns:cq="http://www.day.com/jcr/cq/1.0" 
    xmlns:jcr="http://www.jcp.org/jcr/1.0"
    jcr:primaryType="cq:Widget"
    title="Teaser (Landscape)"
    anchor="100%"
    xtype="panel">
    <items 
        jcr:primaryType="cq:WidgetCollection">
        <teaserimgattributes
            jcr:primaryType="cq:Widget"
            collapsed="{Boolean}false"
            collapsible="{Boolean}true"
            title="pageteaserbig_imgattributes"
            xtype="dialogfieldset">
            <items 
                jcr:primaryType="cq:WidgetCollection">
                <imgalt
                    jcr:primaryType="cq:Widget"
                    fieldLabel="imgalt_dlglabel"
                    name="./teaser/pageteaserbig/imageprops/alt"
                    id="imgalt-pageteaserbig"
                    enableKeyEvents="true"
                    xtype="textfield" />
                <imgtitle
                    jcr:primaryType="cq:Widget"
                    fieldLabel="imgtitle_dlglabel"
                    name="./teaser/pageteaserbig/imageprops/title"
                    id="imgtitle-pageteaserbig"
                    enableKeyEvents="true"
                    xtype="textfield" />
            </items>
        </teaserimgattributes>
        <teaserimage
            jcr:primaryType="cq:Widget"
            collapsed="{Boolean}false"
            collapsible="{Boolean}true"
            title="pageteaserbig_image"
            xtype="dialogfieldset">
            <items 
                jcr:primaryType="cq:WidgetCollection">
                <teaserimage
                    jcr:primaryType="cq:Widget"
                    allowFileReference="true"
                    allowUpload="false"
                    height="300"
                    ddAccept="[image/(gif|jpeg|png|jpg|pjpeg)]"
                    ddGroups="[media]"
                    fileNameParameter="./teaser/pageteaserbig/image/fileName"
                    fileReferenceParameter="./teaser/pageteaserbig/image/fileReference"
                    autoHeight="false"
                    name="./teaser/pageteaserbig/image/file"
                    requestSuffix="/teaser/pageteaserbig/image.img.png"
                    disableZoom="{Boolean}true"
                    hideLabel="{Boolean}true"
                    title="pageprops_teaserimage"
                    xtype="html5smartimage"/>
                <resType
                    jcr:primaryType="cq:Widget"
                    ignoreData="{Boolean}true"
                    name="./teaser/pageteaserbig/image/sling:resourceType"
                    value="foundation/components/image"
                    xtype="hidden"/>
            </items>
        </teaserimage>
        <headline
            jcr:primaryType="cq:Widget"
            name="./teaser/pageteaserbig/headline"
            id="headline-pageteaserbig"
            hidden="{Boolean}true"
            xtype="textfield"/>
        <teasertext
            jcr:primaryType="cq:Widget"
            inputType="text"
            name="./teaser/pageteaserbig/teasertext"
            id="teasertext-pageteaserbig"
            hidden="{Boolean}true"
            xtype="textarea"/>
        <teaserlinktext
            jcr:primaryType="cq:Widget"
            name="./teaser/pageteaserbig/linktext"
            id="linktext-pageteaserbig"
            hidden="{Boolean}true"
            xtype="textfield"/>
    </items>
</jcr:root>
